"rank","screen_score","slug","name","author","active_installs","last_updated","age_days","rating_percent","rating_count","support_threads","support_resolved","requires_woocommerce","workflow_terms","exclusion_terms","external_homepage","homepage","wordpress_url","public_screen_status","paid_sites","renewal_rate","support_hours","asking_price","atomic_assignability"
"1","10","hide-shipping-method-for-woocommerce","Hide Shipping Method For WooCommerce","Dotstore","10000","2026-01-12 10:52am GMT","181","80","25","1","1","true","shipping","","true","https://www.thedotstore.com/hide-shipping-method-for-woocommerce","https://wordpress.org/plugins/hide-shipping-method-for-woocommerce/","priority_data_room_candidate_not_supply_proof","unknown","unknown","unknown","unknown","unknown"
"2","10","woo-order-test","WC Order Test","WP Fix It - WordPress Experts","6000","2025-07-08 1:37pm GMT","369","100","21","1","0","true","order; checkout","","true","https://www.wpfixit.com","https://wordpress.org/plugins/woo-order-test/","priority_data_room_candidate_not_supply_proof","unknown","unknown","unknown","unknown","unknown"
"3","10","wc-cancel-order","WC Cancel Order","WpExperts Hub","5000","2025-10-30 8:34am GMT","256","98","23","1","0","true","order","","true","https://wpexpertshub.com","https://wordpress.org/plugins/wc-cancel-order/","priority_data_room_candidate_not_supply_proof","unknown","unknown","unknown","unknown","unknown"
"4","10","myworks-woo-sync-for-quickbooks-online","MyWorks Sync for WooCommerce &amp; QuickBooks Online","MyWorks","5000","2025-12-19 5:27pm GMT","205","94","75","1","1","true","order; inventory","","true","https://myworks.software/integrations/sync-woocommerce-quickbooks-online","https://wordpress.org/plugins/myworks-woo-sync-for-quickbooks-online/","priority_data_room_candidate_not_supply_proof","unknown","unknown","unknown","unknown","unknown"
"5","10","change-quantity-on-checkout-for-woocommerce","Change Quantity on Checkout for WooCommerce","bhavik.kiri","4000","2025-12-21 7:35pm GMT","203","100","52","1","1","true","checkout","","true","https://www.navonmeshsolution.com/","https://wordpress.org/plugins/change-quantity-on-checkout-for-woocommerce/","priority_data_room_candidate_not_supply_proof","unknown","unknown","unknown","unknown","unknown"
"6","9","saphali-woocommerce-lite","Saphali Woocommerce Lite","Saphali","10000","2025-11-06 12:26pm GMT","248","84","25","0","0","false","checkout","","true","http://saphali.com/saphali-woocommerce-plugin-wordpress","https://wordpress.org/plugins/saphali-woocommerce-lite/","priority_data_room_candidate_not_supply_proof","unknown","unknown","unknown","unknown","unknown"
"7","9","aftership-woocommerce-tracking","AfterShip Tracking &#8211; All-In-One WooCommerce Order Tracking (Free plan available)","AfterShip Automizely","7000","2026-01-05 8:00am GMT","189","96","632","0","0","false","order; shipment; shipping; delivery","","true","http://aftership.com/","https://wordpress.org/plugins/aftership-woocommerce-tracking/","priority_data_room_candidate_not_supply_proof","unknown","unknown","unknown","unknown","unknown"
"8","9","pre-orders-for-woocommerce","Pre-Orders for WooCommerce","brightvesseldev","7000","2025-11-30 1:47am GMT","225","90","66","1","0","true","order","","false","https://wordpress.org/plugins/pre-orders-for-woocommerce/","https://wordpress.org/plugins/pre-orders-for-woocommerce/","priority_data_room_candidate_not_supply_proof","unknown","unknown","unknown","unknown","unknown"
"9","9","shipping-simulator-for-woocommerce","Shipping Simulator for WooCommerce","Luiz Bills","5000","2026-03-12 3:46pm GMT","122","100","40","2","1","true","shipping","","true","https://github.com/luizbills/shipping-simulator-for-woocommerce","https://wordpress.org/plugins/shipping-simulator-for-woocommerce/","priority_data_room_candidate_not_supply_proof","unknown","unknown","unknown","unknown","unknown"
"10","9","australian-post-woocommerce-extension","Australia Post WooCommerce Extension","Waseem Senjer","3000","2025-12-08 1:06pm GMT","216","88","19","1","1","false","shipping; delivery","","true","https://wpruby.com/plugin/australia-post-woocommerce-extension-pro?utm_source=aupost-lite&utm_medium=pluginuri&utm_campaign=freetopro","https://wordpress.org/plugins/australian-post-woocommerce-extension/","priority_data_room_candidate_not_supply_proof","unknown","unknown","unknown","unknown","unknown"
"11","9","order-tip-woo","Order Tip for WooCommerce","Adrian Emil Tudorache","2000","2026-01-02 11:47am GMT","191","86","16","0","0","false","order; checkout","","true","https://order-tip-for-woocommerce.tudorache.me/","https://wordpress.org/plugins/order-tip-woo/","priority_data_room_candidate_not_supply_proof","unknown","unknown","unknown","unknown","unknown"
"12","9","wc-out-of-stock-message","Out of Stock Message Manager for WooCommerce","Coders Time Team","2000","2025-06-23 5:01am GMT","385","84","6","0","0","true","stock; variation","","true","https://coders-time.com/plugins/out-of-stock/","https://wordpress.org/plugins/wc-out-of-stock-message/","priority_data_room_candidate_not_supply_proof","unknown","unknown","unknown","unknown","unknown"
"13","8","woocommerce-product-addon","PPOM &#8211; Product Addons &amp; Custom Fields for WooCommerce","Themeisle","20000","2026-07-10 10:39am GMT","2","88","280","9","9","true","order","","true","https://themeisle.com/plugins/ppom-pro/","https://wordpress.org/plugins/woocommerce-product-addon/","priority_data_room_candidate_not_supply_proof","unknown","unknown","unknown","unknown","unknown"
"14","8","woocommerce-wholesale-prices","Wholesale Suite – B2B, Dynamic Pricing &amp; WooCommerce Wholesale Prices","Josh Kohlbach","20000","2026-05-19 1:46am GMT","55","96","542","4","3","true","catalog","","true","https://wholesalesuiteplugin.com","https://wordpress.org/plugins/woocommerce-wholesale-prices/","priority_data_room_candidate_not_supply_proof","unknown","unknown","unknown","unknown","unknown"
"15","8","advanced-product-labels-for-woocommerce","Advanced Product Labels for WooCommerce","BeRocket","20000","2026-05-26 10:11am GMT","47","96","252","4","1","true","shipping","","true","https://berocket.com/woocommerce-advanced-product-labels/?utm_source=plugin&utm_medium=plugin_file&utm_term=labels&utm_campaign=upgrade","https://wordpress.org/plugins/advanced-product-labels-for-woocommerce/","priority_data_room_candidate_not_supply_proof","unknown","unknown","unknown","unknown","unknown"
"16","8","woocommerce-stock-manager","Stock Manager for WooCommerce","storeapps","20000","2026-06-23 5:12am GMT","20","84","130","0","0","true","inventory; stock","","true","https://www.storeapps.org/woocommerce-plugins/","https://wordpress.org/plugins/woocommerce-stock-manager/","priority_data_room_candidate_not_supply_proof","unknown","unknown","unknown","unknown","unknown"
"17","8","back-in-stock-notifier-for-woocommerce","Back In Stock Notifier for WooCommerce | WooCommerce Waitlist Pro","ProPluginsLab","20000","2026-06-18 7:26pm GMT","24","94","121","5","0","true","stock; subscription","","true","https://propluginslab.com/shop/free-plugins/back-in-stock-notifier/","https://wordpress.org/plugins/back-in-stock-notifier-for-woocommerce/","priority_data_room_candidate_not_supply_proof","unknown","unknown","unknown","unknown","unknown"
"18","8","minmax-quantity-for-woocommerce","Min and Max Quantity for WooCommerce","BeRocket","20000","2026-07-13 6:42pm GMT","0","96","218","0","0","true","order; variation","","true","https://berocket.com/woocommerce-minmax-quantity?utm_source=paid_plugin&utm_medium=plugins&utm_campaign=MM_Quantity","https://wordpress.org/plugins/minmax-quantity-for-woocommerce/","priority_data_room_candidate_not_supply_proof","unknown","unknown","unknown","unknown","unknown"
"19","8","woocommerce-xml-csv-product-import","WP All Import – Product Import for WooCommerce","Soflyy","20000","2026-01-30 1:59pm GMT","163","94","272","0","0","false","variation","","true","http://www.wpallimport.com/woocommerce-product-import/?utm_source=import-wooco-products-addon-free&utm_medium=wp-plugins-page&utm_campaign=upgrade-to-pro","https://wordpress.org/plugins/woocommerce-xml-csv-product-import/","priority_data_room_candidate_not_supply_proof","unknown","unknown","unknown","unknown","unknown"
"20","8","pw-bulk-edit","PW WooCommerce Bulk Edit","pimwick","20000","2026-05-22 5:13pm GMT","51","98","236","1","1","true","catalog","","true","https://www.pimwick.com/pw-bulk-edit/","https://wordpress.org/plugins/pw-bulk-edit/","priority_data_room_candidate_not_supply_proof","unknown","unknown","unknown","unknown","unknown"
"21","8","woocustomizer","StoreCustomizer &#8211; A plugin to Customize all WooCommerce Pages","Kaira","20000","2026-03-30 11:36am GMT","104","96","126","1","1","false","checkout","","true","https://kairaweb.com/wordpress-plugins/woocustomizer/","https://wordpress.org/plugins/woocustomizer/","priority_data_room_candidate_not_supply_proof","unknown","unknown","unknown","unknown","unknown"
"22","8","gallery-slider-for-woocommerce","Product Gallery Slider, Additional Variation Images, Product Video, Product Image Zoom and Lightbox for WooCommerce – WooGallery","ShapedPlugin LLC","20000","2026-06-18 5:31am GMT","25","98","161","0","0","true","variation","","true","https://woogallery.io/?ref=143","https://wordpress.org/plugins/gallery-slider-for-woocommerce/","priority_data_room_candidate_not_supply_proof","unknown","unknown","unknown","unknown","unknown"
"23","8","atum-stock-manager-for-woocommerce","ATUM WooCommerce Inventory Management and Stock Tracking","Stock Management Labs","10000","2026-05-11 8:34am GMT","63","94","127","1","1","true","order; inventory; stock; purchase order","","true","https://stockmanagementlabs.com/","https://wordpress.org/plugins/atum-stock-manager-for-woocommerce/","priority_data_room_candidate_not_supply_proof","unknown","unknown","unknown","unknown","unknown"
"24","8","elex-woocommerce-catalog-mode","ELEX WooCommerce Catalog Mode","ELEXtensions","10000","2026-02-03 2:01pm GMT","159","94","17","0","0","false","catalog","","true","https://elextensions.com/plugin/elex-woocommerce-catalog-mode-plugin-free/","https://wordpress.org/plugins/elex-woocommerce-catalog-mode/","priority_data_room_candidate_not_supply_proof","unknown","unknown","unknown","unknown","unknown"
"25","8","product-variations-swatches-for-woocommerce","Product Variations Swatches for WooCommerce","VillaTheme","10000","2026-06-20 9:05am GMT","23","94","76","1","0","true","variation","","true","https://villatheme.com/extensions/woocommerce-product-variations-swatches","https://wordpress.org/plugins/product-variations-swatches-for-woocommerce/","priority_data_room_candidate_not_supply_proof","unknown","unknown","unknown","unknown","unknown"
"26","8","woocommerce-extra-product-sorting-options","Extra Product Sorting Options for WooCommerce","SkyVerge","10000","2026-03-02 12:28pm GMT","132","92","31","0","0","false","order","","true","http://www.skyverge.com/product/woocommerce-extra-product-sorting-options/","https://wordpress.org/plugins/woocommerce-extra-product-sorting-options/","priority_data_room_candidate_not_supply_proof","unknown","unknown","unknown","unknown","unknown"
"27","8","woocommerce-sequential-order-numbers","Sequential Order Numbers for WooCommerce","SkyVerge","10000","2026-03-02 12:11pm GMT","132","76","29","0","0","false","order","","true","http://www.skyverge.com/blog/woocommerce-sequential-order-numbers/","https://wordpress.org/plugins/woocommerce-sequential-order-numbers/","priority_data_room_candidate_not_supply_proof","unknown","unknown","unknown","unknown","unknown"
"28","8","product-export-for-woocommerce","WP All Export – Product Export Add-On for WooCommerce","WP All Import","10000","2026-01-30 1:46pm GMT","163","90","24","0","0","false","variation","","true","https://www.wpallimport.com/","https://wordpress.org/plugins/product-export-for-woocommerce/","priority_data_room_candidate_not_supply_proof","unknown","unknown","unknown","unknown","unknown"
"29","8","woo-store-vacation","Store Vacation Lite for WooCommerce","MyPreview","10000","2026-06-22 12:26pm GMT","20","92","183","3","2","true","catalog; checkout","","true","https://mypreview.one/woo-store-vacation","https://wordpress.org/plugins/woo-store-vacation/","priority_data_room_candidate_not_supply_proof","unknown","unknown","unknown","unknown","unknown"
"30","8","wp-product-feed-manager","WPMR Google Feed Manager for WooCommerce – Sell on Google Merchant Center &amp; Shopping","aukemarketing","10000","2026-05-18 5:35pm GMT","55","90","127","2","2","true","product feed","","true","https://www.wpmarketingrobot.com","https://wordpress.org/plugins/wp-product-feed-manager/","priority_data_room_candidate_not_supply_proof","unknown","unknown","unknown","unknown","unknown"
"31","8","wc-min-max-quantities","Min Max Quantities &#8211; Set Minimum/Maximum Quantity &amp; Price Limits with Step Control for WooCommerce","PluginEver","10000","2026-05-21 11:26am GMT","52","96","59","0","0","true","order","","true","https://pluginever.com/woocommerce-min-max-quantities-pro/","https://wordpress.org/plugins/wc-min-max-quantities/","priority_data_room_candidate_not_supply_proof","unknown","unknown","unknown","unknown","unknown"
"32","8","customize-my-account-for-woocommerce","SysBasics Customize My Account for WooCommerce &#8211; Live My Account Customizer","SysBasics","8000","2026-07-01 9:03am GMT","12","84","33","3","3","true","shipment","","true","https://sysbasics.com","https://wordpress.org/plugins/customize-my-account-for-woocommerce/","priority_data_room_candidate_not_supply_proof","unknown","unknown","unknown","unknown","unknown"
"33","8","add-to-cart-direct-checkout-for-woocommerce","Add to Cart Redirect for WooCommerce","PI Web Solution","8000","2026-06-29 11:36am GMT","13","98","101","0","0","true","checkout","","true","https://www.piwebsolution.com/product/add-to-cart-direct-checkout-for-woocommerce-pro/","https://wordpress.org/plugins/add-to-cart-direct-checkout-for-woocommerce/","priority_data_room_candidate_not_supply_proof","unknown","unknown","unknown","unknown","unknown"
"34","8","easy-sale-badges-for-woocommerce","Product Badge, Label, Countdown Timer for WooCommerce &#8211; Sale Booster","AsanaPlugins","5000","2026-07-01 12:00am GMT","12","96","30","2","2","true","stock","","true","https://www.asanaplugins.com/product/woocommerce-product-labels/","https://wordpress.org/plugins/easy-sale-badges-for-woocommerce/","priority_data_room_candidate_not_supply_proof","unknown","unknown","unknown","unknown","unknown"
"35","8","woo-better-shipping-calculator-for-brazil","Calculadora de Frete e Campos Checkout para o Brasil","linknacional","5000","2026-07-06 1:17pm GMT","6","98","44","9","8","true","shipping; checkout","","true","https://www.linknacional.com.br/wordpress","https://wordpress.org/plugins/woo-better-shipping-calculator-for-brazil/","priority_data_room_candidate_not_supply_proof","unknown","unknown","unknown","unknown","unknown"
"36","8","checkout-upsell-and-order-bumps","UpsellWP – Upsell and Related Products Offers for WooCommerce","flycart","5000","2026-05-28 12:29pm GMT","45","98","124","1","0","true","order; checkout","","true","https://upsellwp.com","https://wordpress.org/plugins/checkout-upsell-and-order-bumps/","priority_data_room_candidate_not_supply_proof","unknown","unknown","unknown","unknown","unknown"
"37","8","dhl-for-woocommerce","DHL Shipping Germany for WooCommerce","Deutsche Post DHL","4000","2026-07-07 8:50pm GMT","5","80","47","8","3","true","order; shipping","","true","https://github.com/shadimanna/dhl-logistic-services-for-woocommerce","https://wordpress.org/plugins/dhl-for-woocommerce/","priority_data_room_candidate_not_supply_proof","unknown","unknown","unknown","unknown","unknown"
"38","8","waitlist-woocommerce","Waitlist Woocommerce ( Back in stock notifier )","xootix","4000","2026-05-21 6:09am GMT","53","92","113","3","0","true","stock","","true","http://xootix.com/waitlist-for-woocommerce","https://wordpress.org/plugins/waitlist-woocommerce/","priority_data_room_candidate_not_supply_proof","unknown","unknown","unknown","unknown","unknown"
"39","8","pepro-ultimate-invoice","PeproDev Ultimate Invoice","Pepro Dev. Group","4000","2026-03-08 7:51pm GMT","126","96","34","0","0","false","invoice","","true","https://peprodev.com/pepro-woocommerce-ultimate-invoice/","https://wordpress.org/plugins/pepro-ultimate-invoice/","priority_data_room_candidate_not_supply_proof","unknown","unknown","unknown","unknown","unknown"
"40","8","webappick-pdf-invoice-for-woocommerce","PDF Invoices &amp; Packing Slips for WooCommerce – Challan","WebAppick","4000","2026-05-21 9:55am GMT","53","90","45","1","0","true","shipping; invoice; packing","","true","https://webappick.com","https://wordpress.org/plugins/webappick-pdf-invoice-for-woocommerce/","priority_data_room_candidate_not_supply_proof","unknown","unknown","unknown","unknown","unknown"
"41","8","woo-postnl","PostNL for WooCommerce","PostNL","3000","2026-07-07 2:02pm GMT","5","52","41","1","0","true","order; shipping","","true","https://github.com/Progressus-io/postnl-for-woocommerce/","https://wordpress.org/plugins/woo-postnl/","priority_data_room_candidate_not_supply_proof","unknown","unknown","unknown","unknown","unknown"
"42","8","woo-checkout-for-digital-goods","Digital Goods (Checkout Field Editor) for WooCommerce Checkout","Dotstore","3000","2026-05-04 11:02am GMT","69","90","41","0","0","true","checkout","","true","https://www.thedotstore.com/woocommerce-checkout-for-digital-goods/","https://wordpress.org/plugins/woo-checkout-for-digital-goods/","priority_data_room_candidate_not_supply_proof","unknown","unknown","unknown","unknown","unknown"
"43","8","woocommerce-product-stock-alert","Notifima – WooCommerce Stock Manager, Inventory Management, Waitlist","MultiVendorX","3000","2026-07-07 1:31pm GMT","5","88","45","1","0","true","inventory; stock","","true","https://notifima.com/?utm_source=wpadmin&utm_medium=pluginsettings&utm_campaign=notifima","https://wordpress.org/plugins/woocommerce-product-stock-alert/","priority_data_room_candidate_not_supply_proof","unknown","unknown","unknown","unknown","unknown"
"44","8","woocommerce-superfaktura","SuperFaktura WooCommerce","superfaktura","2000","2026-07-07 7:53pm GMT","5","98","15","3","3","true","invoice","","true","https://www.superfaktura.sk/integracia/","https://wordpress.org/plugins/woocommerce-superfaktura/","priority_data_room_candidate_not_supply_proof","unknown","unknown","unknown","unknown","unknown"
"45","8","woocommerce-gift-wrapper","Gift Wrapper for WooCommerce","WebFactory","2000","2026-05-21 5:40am GMT","53","94","52","0","0","true","order; checkout","","true","https://www.giftwrapper.app/","https://wordpress.org/plugins/woocommerce-gift-wrapper/","priority_data_room_candidate_not_supply_proof","unknown","unknown","unknown","unknown","unknown"
"46","8","wholesalex","WholesaleX &#8211; B2B &amp; Wholesale Plugin for WooCommerce with Wholesale Prices","WPXPO","2000","2026-07-07 5:36am GMT","6","100","54","4","4","true","order; catalog","","true","https://getwholesalex.com/?utm_source=plugin_details&utm_medium=home_page&utm_campaign=wholesalex-DB","https://wordpress.org/plugins/wholesalex/","priority_data_room_candidate_not_supply_proof","unknown","unknown","unknown","unknown","unknown"
"47","8","order-export-and-more-for-woocommerce","Order Export for WooCommerce","WebFactory","2000","2026-03-30 7:23pm GMT","104","76","14","0","0","false","order","","true","https://www.jem-products.com/","https://wordpress.org/plugins/order-export-and-more-for-woocommerce/","priority_data_room_candidate_not_supply_proof","unknown","unknown","unknown","unknown","unknown"
"48","8","ni-woocommerce-custom-order-status","Ni WooCommerce Custom Order Status","Anzar Ahmed","2000","2026-03-09 7:27pm GMT","125","82","16","0","0","true","order","","false","https://wordpress.org/plugins/ni-woocommerce-custom-order-status/","https://wordpress.org/plugins/ni-woocommerce-custom-order-status/","priority_data_room_candidate_not_supply_proof","unknown","unknown","unknown","unknown","unknown"
"49","8","product-pre-orders-for-woo","PRENA &#8211; Product Pre-Orders for WooCommerce","VillaTheme","2000","2026-06-20 8:37am GMT","23","94","12","1","0","true","order","","true","https://villatheme.com/extensions/woocommerce-product-pre-orders/","https://wordpress.org/plugins/product-pre-orders-for-woo/","priority_data_room_candidate_not_supply_proof","unknown","unknown","unknown","unknown","unknown"
"50","8","attribute-stock-for-woocommerce","Attribute Stock for WooCommerce &#8211; Shared Stock &amp; Variable Quantities (Lite Version)","Mewz","2000","2026-06-14 11:41pm GMT","28","92","18","0","0","true","stock","","true","https://codecanyon.net/item/woocommerce-attribute-stock/25796765","https://wordpress.org/plugins/attribute-stock-for-woocommerce/","priority_data_room_candidate_not_supply_proof","unknown","unknown","unknown","unknown","unknown"
"51","8","wepos","wePOS &#8211; Point Of Sale (POS) for WooCommerce &amp; Dokan","weDevs","2000","2026-06-18 7:29am GMT","25","70","22","1","1","true","order","","true","https://wedevs.com/wepos","https://wordpress.org/plugins/wepos/","priority_data_room_candidate_not_supply_proof","unknown","unknown","unknown","unknown","unknown"
"52","8","stock-exporter-for-woocommerce","Stock Exporter for WooCommerce","Naked Cat Plugins","1000","2025-04-19 3:55pm GMT","449","98","7","0","0","true","stock","","false","","https://wordpress.org/plugins/stock-exporter-for-woocommerce/","priority_data_room_candidate_not_supply_proof","unknown","unknown","unknown","unknown","unknown"
"53","8","wc-speed-drain-repair","WC Speed Repair","WP Fix It - WordPress Experts","1000","2025-07-08 1:37pm GMT","369","76","25","0","0","true","","","true","https://www.wpfixit.com","https://wordpress.org/plugins/wc-speed-drain-repair/","priority_data_room_candidate_not_supply_proof","unknown","unknown","unknown","unknown","unknown"
"54","8","one-click-order-reorder","One Click Order Re-Order","cedcommerce","1000","2024-07-10 5:43am GMT","733","86","6","0","0","false","order","","true","http://cedcommerce.com","https://wordpress.org/plugins/one-click-order-reorder/","priority_data_room_candidate_not_supply_proof","unknown","unknown","unknown","unknown","unknown"
"55","8","easy-duplicate-woo-order","Easy Duplicate Woo Order","wizbee IT","1000","2026-04-28 2:41pm GMT","75","94","20","1","0","true","order; shipping","","true","https://www.wizbeeit.com/easy-duplicate-woo-order","https://wordpress.org/plugins/easy-duplicate-woo-order/","priority_data_room_candidate_not_supply_proof","unknown","unknown","unknown","unknown","unknown"
"56","8","first-order-discount-woocommerce","First Order Discount Woocommerce","Vidish","1000","2025-08-21 10:46am GMT","325","96","18","0","0","false","order","","false","","https://wordpress.org/plugins/first-order-discount-woocommerce/","priority_data_room_candidate_not_supply_proof","unknown","unknown","unknown","unknown","unknown"
"57","8","wc-messaging","Notiqoo – Order Notification &amp; Customer Chat for WooCommerce","Sarankumar","1000","2026-06-08 11:12am GMT","34","96","16","2","1","true","order","","true","https://notiqoo.com/","https://wordpress.org/plugins/wc-messaging/","priority_data_room_candidate_not_supply_proof","unknown","unknown","unknown","unknown","unknown"
"58","8","print-google-cloud-print-gcp-woocommerce","Print Anywhere &amp; Create PDFs of Order Receipts, Invoices, Labels &amp; More.","bizswoop","1000","2026-04-07 1:00pm GMT","96","94","18","0","0","false","order; shipping; invoice; packing","","true","http://www.getbizprint.com","https://wordpress.org/plugins/print-google-cloud-print-gcp-woocommerce/","priority_data_room_candidate_not_supply_proof","unknown","unknown","unknown","unknown","unknown"
"59","8","product-code-for-woocommerce","Product Code for WooCommerce","artiosmedia","1000","2026-01-14 3:21am GMT","180","98","29","0","0","false","order; warehouse","","false","http://wordpress.org/plugins/product-code-for-woocommerce","https://wordpress.org/plugins/product-code-for-woocommerce/","priority_data_room_candidate_not_supply_proof","unknown","unknown","unknown","unknown","unknown"
"60","8","woocommerce-es","Connect WooCommerce Shop to ERP/CRM, Verifactu and EU/VAT Compliance","Close·technology","1000","2026-06-16 9:13am GMT","27","92","10","0","0","true","order","","true","https://close.technology/wordpress-plugins/connect-ecommerce/","https://wordpress.org/plugins/woocommerce-es/","priority_data_room_candidate_not_supply_proof","unknown","unknown","unknown","unknown","unknown"
"61","8","decimal-product-quantity-for-woocommerce","Decimal Product Quantity for WooCommerce","wpgear","1000","2026-03-17 4:03pm GMT","117","90","11","0","0","false","variation","","true","https://wpgear.xyz/decimal-product-quantity-woo","https://wordpress.org/plugins/decimal-product-quantity-for-woocommerce/","priority_data_room_candidate_not_supply_proof","unknown","unknown","unknown","unknown","unknown"
"62","8","elex-woocommerce-google-product-feed-plugin-basic","ELEX WooCommerce Google Shopping (Google Product Feed)","ELEXtensions","1000","2026-02-02 5:30am GMT","161","76","14","0","0","false","product feed","","true","https://elextensions.com/plugin/elex-woocommerce-google-product-feed-plugin-free/","https://wordpress.org/plugins/elex-woocommerce-google-product-feed-plugin-basic/","priority_data_room_candidate_not_supply_proof","unknown","unknown","unknown","unknown","unknown"
"63","8","woo-price-per-unit","Price Per Unit for WooCommerce","Martin Mechura","1000","2025-08-12 9:49pm GMT","334","74","12","0","0","true","","","true","https://mechcomp.cz/price-per-unit-pro/","https://wordpress.org/plugins/woo-price-per-unit/","priority_data_room_candidate_not_supply_proof","unknown","unknown","unknown","unknown","unknown"
"64","8","wc-booster","WC Booster","Eagle Vision IT","800","2025-02-28 11:49am GMT","499","84","5","0","0","true","checkout","","true","https://www.eaglevisionit.com/downloads/wc-booster/","https://wordpress.org/plugins/wc-booster/","priority_data_room_candidate_not_supply_proof","unknown","unknown","unknown","unknown","unknown"
"65","8","myworks-sync-for-xero","MyWorks Sync for WooCommerce &amp; Xero","MyWorks","800","2026-01-13 3:37pm GMT","180","100","2","0","0","true","order; inventory","","true","https://myworks.software/integrations/woocommerce-xero-sync/","https://wordpress.org/plugins/myworks-sync-for-xero/","priority_data_room_candidate_not_supply_proof","unknown","unknown","unknown","unknown","unknown"
"66","8","foosales","FooSales &#8211; Point of Sale (POS) for WooCommerce","FooSales","700","2026-02-12 7:35pm GMT","150","64","13","0","0","true","checkout","","true","https://www.foosales.com","https://wordpress.org/plugins/foosales/","priority_data_room_candidate_not_supply_proof","unknown","unknown","unknown","unknown","unknown"
"67","8","conditional-woo-checkout-field","Conditional WooCommerce Checkout Field","AMP-MODE","400","2024-11-04 4:43pm GMT","615","82","15","0","0","false","checkout","","true","https://conditionalcheckoutfields.com/","https://wordpress.org/plugins/conditional-woo-checkout-field/","priority_data_room_candidate_not_supply_proof","unknown","unknown","unknown","unknown","unknown"
"68","8","sync-wc-google","Bulk Product Editor plugin allows you to create and edit your WooCommerce products and categories with Google Sheets.","N-Media","400","2025-10-23 7:12am GMT","263","84","27","0","0","false","inventory","","true","http://www.najeebmedia.com/googlesync","https://wordpress.org/plugins/sync-wc-google/","priority_data_room_candidate_not_supply_proof","unknown","unknown","unknown","unknown","unknown"
"69","7","custom-taxonomy-order-ne","Custom Taxonomy Order","Marcel Pol","50000","2026-01-10 9:21am GMT","184","96","96","4","1","false","order","","false","https://wordpress.org/plugins/custom-taxonomy-order-ne/","https://wordpress.org/plugins/custom-taxonomy-order-ne/","priority_data_room_candidate_not_supply_proof","unknown","unknown","unknown","unknown","unknown"
"70","7","woocommerce-advanced-free-shipping","Advanced Free Shipping for WooCommerce","Jeroen Sormani","40000","2025-10-09 2:02pm GMT","276","96","122","3","3","false","shipping","","false","https://wordpress.org/plugins/woocommerce-advanced-free-shipping/","https://wordpress.org/plugins/woocommerce-advanced-free-shipping/","priority_data_room_candidate_not_supply_proof","unknown","unknown","unknown","unknown","unknown"
"71","7","oneclick-whatsapp-order","OneClick Chat to Order","Walter Pinem","40000","2026-05-26 6:19pm GMT","47","96","83","0","0","true","order","","true","https://www.onlinestorekit.com/oneclick-chat-to-order/","https://wordpress.org/plugins/oneclick-whatsapp-order/","priority_data_room_candidate_not_supply_proof","unknown","unknown","unknown","unknown","unknown"
"72","7","woocommerce-jetpack","Booster for WooCommerce – PDF Invoices, Abandoned Cart, Variation Swatches &amp; 100+ Tools","Pluggabl","30000","2026-06-17 6:29am GMT","26","92","533","5","2","true","invoice; variation","","true","https://booster.io","https://wordpress.org/plugins/woocommerce-jetpack/","priority_data_room_candidate_not_supply_proof","unknown","unknown","unknown","unknown","unknown"
"73","7","bp-custom-order-status-for-woocommerce","Custom Order Status Manager for WooCommerce","brightvesseldev","30000","2026-02-17 9:23pm GMT","145","94","115","1","0","true","order","","false","https://wordpress.org/plugins/bp-custom-order-status-for-woocommerce/","https://wordpress.org/plugins/bp-custom-order-status-for-woocommerce/","priority_data_room_candidate_not_supply_proof","unknown","unknown","unknown","unknown","unknown"
"74","7","rearrange-woocommerce-products","Rearrange Products for WooCommerce","Aslam Doctor","20000","2026-04-08 2:06am GMT","96","92","58","3","0","false","order","","false","https://wordpress.org/plugins/rearrange-woocommerce-products/","https://wordpress.org/plugins/rearrange-woocommerce-products/","priority_data_room_candidate_not_supply_proof","unknown","unknown","unknown","unknown","unknown"
"75","7","woocommerce-easy-table-rate-shipping","Table Rate Shipping for WooCommerce","WebFactory","20000","2026-05-21 5:46am GMT","53","92","73","0","0","false","shipping","","true","https://www.jem-products.com/","https://wordpress.org/plugins/woocommerce-easy-table-rate-shipping/","priority_data_room_candidate_not_supply_proof","unknown","unknown","unknown","unknown","unknown"
"76","7","fluid-checkout","Fluid Checkout for WooCommerce &#8211; Lite","Diego Versiani","20000","2026-06-02 10:25pm GMT","40","98","155","2","2","false","checkout","","true","https://fluidcheckout.com/","https://wordpress.org/plugins/fluid-checkout/","priority_data_room_candidate_not_supply_proof","unknown","unknown","unknown","unknown","unknown"
"77","7","fluent-booking","Fluent Booking &#8211; The Ultimate Appointments Scheduling, Events Booking, Events Calendar Solution","WPManageNinja","20000","2026-06-25 1:56pm GMT","17","94","42","2","2","false","booking","","true","https://fluentbooking.com/pricing/","https://wordpress.org/plugins/fluent-booking/","priority_data_room_candidate_not_supply_proof","unknown","unknown","unknown","unknown","unknown"
"78","7","subscriptions-for-woocommerce","Subscriptions for WooCommerce","WP Swings","10000","2026-06-22 8:49am GMT","21","90","175","3","3","true","subscription","","false","https://wordpress.org/plugins/subscriptions-for-woocommerce/","https://wordpress.org/plugins/subscriptions-for-woocommerce/","priority_data_room_candidate_not_supply_proof","unknown","unknown","unknown","unknown","unknown"
"79","7","shiptastic-for-woocommerce","Shiptastic for WooCommerce","vendidero","10000","2026-07-09 1:53pm GMT","3","100","4","1","1","true","fulfil; fulfill; shipment; shipping","","true","https://vendidero.com/doc/shiptastic/home-shiptastic","https://wordpress.org/plugins/shiptastic-for-woocommerce/","priority_data_room_candidate_not_supply_proof","unknown","unknown","unknown","unknown","unknown"
"80","7","colissimo-shipping-methods-for-woocommerce","Colissimo shipping methods for WooCommerce","Colissimo","10000","2026-06-17 1:04pm GMT","25","74","28","9","4","true","shipping","","false","","https://wordpress.org/plugins/colissimo-shipping-methods-for-woocommerce/","priority_data_room_candidate_not_supply_proof","unknown","unknown","unknown","unknown","unknown"
"81","7","conditional-shipping-for-woocommerce","Conditional Shipping for WooCommerce","WP Trio","10000","2026-02-02 6:56am GMT","161","92","22","1","0","false","shipping","","false","","https://wordpress.org/plugins/conditional-shipping-for-woocommerce/","priority_data_room_candidate_not_supply_proof","unknown","unknown","unknown","unknown","unknown"
"82","7","woo-product-variation-gallery","Variation Images Gallery for WooCommerce","RadiusTheme","10000","2026-06-22 5:22am GMT","21","94","39","3","3","false","variation","","true","https://radiustheme.com","https://wordpress.org/plugins/woo-product-variation-gallery/","priority_data_room_candidate_not_supply_proof","unknown","unknown","unknown","unknown","unknown"
"83","7","b2bking-wholesale-for-woocommerce","B2BKing — Ultimate WooCommerce B2B and Wholesale Plugin — Wholesale Prices, Bulk Order Form &amp; More","WebWizards","10000","2026-06-14 3:35pm GMT","28","98","105","1","1","false","order","","true","https://kingsplugins.com/woocommerce-wholesale/b2bking","https://wordpress.org/plugins/b2bking-wholesale-for-woocommerce/","priority_data_room_candidate_not_supply_proof","unknown","unknown","unknown","unknown","unknown"
"84","7","smart-manager-for-wp-e-commerce","Smart Manager &#8211; Advanced WooCommerce Bulk Edit &amp; Inventory Management","storeapps","10000","2026-07-13 2:09pm GMT","0","88","286","0","0","false","order; inventory; stock","","true","https://www.storeapps.org/product/smart-manager/","https://wordpress.org/plugins/smart-manager-for-wp-e-commerce/","priority_data_room_candidate_not_supply_proof","unknown","unknown","unknown","unknown","unknown"
"85","7","advanced-form-integration","Advanced Form Integration — Connect Forms to 200+ Apps","Nasir Ahmed","10000","2026-07-12 12:28pm GMT","0","96","90","1","1","false","order","","true","https://advancedformintegration.com/","https://wordpress.org/plugins/advanced-form-integration/","priority_data_room_candidate_not_supply_proof","unknown","unknown","unknown","unknown","unknown"
"86","7","merchant","Product Labels, Quick View, Buy Now, Pre-Orders, Frequently Bought Together &amp; More for WooCommerce – Merchant","Syed Balkhi","9000","2026-06-15 7:43pm GMT","27","84","11","0","0","false","order; variation","","true","https://athemes.com/merchant","https://wordpress.org/plugins/merchant/","priority_data_room_candidate_not_supply_proof","unknown","unknown","unknown","unknown","unknown"
"87","7","woo-advanced-discounts","Conditional Discounts for WooCommerce &#8211; A simple yet complete woocommerce dynamic pricing plugin","Hermann LAHAMI","9000","2025-03-27 2:55pm GMT","472","76","131","0","0","false","","","true","https://www.orionorigin.com/product/conditional-discounts-for-woocommerce/?utm_source=Installed+free+plugin&utm_medium=Plugin+URI&utm_campaign=WAD","https://wordpress.org/plugins/woo-advanced-discounts/","priority_data_room_candidate_not_supply_proof","unknown","unknown","unknown","unknown","unknown"
"88","7","real-custom-post-order","Real Custom Post Order: Create a custom order for your content","devowl.io GmbH","8000","2026-07-02 5:29am GMT","11","96","41","0","0","false","order","","true","https://devowl.io","https://wordpress.org/plugins/real-custom-post-order/","priority_data_room_candidate_not_supply_proof","unknown","unknown","unknown","unknown","unknown"
"89","7","woocommerce-myparcel","MyParcel","Richard Perdaan","8000","2026-06-25 8:58am GMT","18","78","48","2","1","false","order; shipping; delivery","","true","https://myparcel.nl/","https://wordpress.org/plugins/woocommerce-myparcel/","priority_data_room_candidate_not_supply_proof","unknown","unknown","unknown","unknown","unknown"
"90","7","mage-eventpress","Event Booking Manager for WooCommerce &#8211; Registration, RSVP, Calendar &amp; Tickets","magepeopleteam","7000","2026-07-08 4:35pm GMT","4","90","164","11","11","false","booking","","true","http://mage-people.com","https://wordpress.org/plugins/mage-eventpress/","priority_data_room_candidate_not_supply_proof","unknown","unknown","unknown","unknown","unknown"
"91","7","checkout-files-upload-woocommerce","Checkout Files Upload for WooCommerce","WP Wham","7000","2026-05-16 12:14am GMT","58","88","14","1","1","false","checkout","","true","https://wpwham.com/products/checkout-files-upload-for-woocommerce/","https://wordpress.org/plugins/checkout-files-upload-woocommerce/","priority_data_room_candidate_not_supply_proof","unknown","unknown","unknown","unknown","unknown"
"92","7","woocommerce-exporter","Store Exporter – Export WooCommerce Products, Orders, Subscriptions, Customers","Josh Kohlbach","7000","2026-06-15 12:50am GMT","28","82","166","0","0","false","order; subscription","","true","https://visser.com.au/","https://wordpress.org/plugins/woocommerce-exporter/","priority_data_room_candidate_not_supply_proof","unknown","unknown","unknown","unknown","unknown"
"93","7","woo-order-on-whatsapp","Order on Mobile for WooCommerce","Eduardo Villão","7000","2026-07-08 2:51pm GMT","4","100","4","1","1","true","order","","true","https://eduardovillao.me/wordpress-plugin/order-on-mobile-for-woocommerce/","https://wordpress.org/plugins/woo-order-on-whatsapp/","priority_data_room_candidate_not_supply_proof","unknown","unknown","unknown","unknown","unknown"
"94","7","parcelpanel","ParcelWILL (Formerly ParcelPanel) – Shipment Tracking, Tracking &amp; Order Tracking for WooCommerce","ParcelWILL Development Team","7000","2026-06-05 8:17am GMT","38","98","533","1","1","false","order; shipment; delivery","","true","https://docs.parcelpanel.com/woocommerce","https://wordpress.org/plugins/parcelpanel/","priority_data_room_candidate_not_supply_proof","unknown","unknown","unknown","unknown","unknown"
"95","7","ecommerce-product-catalog","eCommerce Product Catalog Plugin for WordPress","impleCode","7000","2026-05-28 11:45am GMT","45","94","269","1","1","false","catalog; quote","","true","https://implecode.com/wordpress/product-catalog/#cam=in-plugin-urls&key=plugin-url","https://wordpress.org/plugins/ecommerce-product-catalog/","priority_data_room_candidate_not_supply_proof","unknown","unknown","unknown","unknown","unknown"
"96","7","trackship-for-woocommerce","TrackShip for WooCommerce","TrackShip","6000","2026-07-13 6:01am GMT","0","94","52","1","1","true","order; shipment; shipping; delivery","","false","","https://wordpress.org/plugins/trackship-for-woocommerce/","priority_data_room_candidate_not_supply_proof","unknown","unknown","unknown","unknown","unknown"
"97","7","bulgarisation-for-woocommerce","Bulgarisation for WooCommerce","Тихомир Парушев","5000","2026-07-13 10:03am GMT","0","100","43","2","2","true","shipping; invoice","","false","","https://wordpress.org/plugins/bulgarisation-for-woocommerce/","priority_data_room_candidate_not_supply_proof","unknown","unknown","unknown","unknown","unknown"
"98","7","nif-num-de-contribuinte-portugues-for-woocommerce","NIF (Num. de Contribuinte Português) for WooCommerce","Naked Cat Plugins","5000","2026-06-22 4:33pm GMT","20","100","8","0","0","true","order; checkout","","true","https://www.webdados.pt/wordpress/plugins/nif-de-contribuinte-portugues-woocommerce-wordpress/","https://wordpress.org/plugins/nif-num-de-contribuinte-portugues-for-woocommerce/","priority_data_room_candidate_not_supply_proof","unknown","unknown","unknown","unknown","unknown"
"99","7","woocommerce-pos","WCPOS &#8211; Point of Sale (POS) plugin for WooCommerce","kilbot","5000","2026-07-08 10:15am GMT","4","74","81","2","0","true","inventory; stock; catalog","","false","https://wordpress.org/plugins/woocommerce-pos/","https://wordpress.org/plugins/woocommerce-pos/","priority_data_room_candidate_not_supply_proof","unknown","unknown","unknown","unknown","unknown"
"100","7","eu-order-withdrawal-button-for-woocommerce","EU Order Withdrawal Button for WooCommerce","vendidero","4000","2026-07-09 2:07pm GMT","3","100","5","35","35","true","order","","true","https://vendidero.com/","https://wordpress.org/plugins/eu-order-withdrawal-button-for-woocommerce/","priority_data_room_candidate_not_supply_proof","unknown","unknown","unknown","unknown","unknown"
"101","7","art-woocommerce-order-one-click","Art WooCommerce Order One Click","Artem Abramovich","4000","2026-06-28 6:47pm GMT","14","100","36","1","1","false","order; catalog","","true","http://wpruse.ru/my-plugins/order-one-click/","https://wordpress.org/plugins/art-woocommerce-order-one-click/","priority_data_room_candidate_not_supply_proof","unknown","unknown","unknown","unknown","unknown"
"102","7","cities-shipping-zones-for-woocommerce","Cities Shipping Zones for WooCommerce","Condless","4000","2026-05-28 8:12am GMT","46","98","18","0","0","false","shipping","","true","https://en.condless.com/cities-shipping-zones-for-woocommerce/","https://wordpress.org/plugins/cities-shipping-zones-for-woocommerce/","priority_data_room_candidate_not_supply_proof","unknown","unknown","unknown","unknown","unknown"
"103","7","download-now-for-woocommerce","Free Downloads WooCommerce","Wp Enhanced","4000","2026-05-18 8:11am GMT","56","94","85","0","0","false","checkout","","true","https://wpenhanced.com","https://wordpress.org/plugins/download-now-for-woocommerce/","priority_data_room_candidate_not_supply_proof","unknown","unknown","unknown","unknown","unknown"
"104","7","woocommerce-filter-orders-by-product","Filter Orders by Product for WooCommerce","Kowsar Hossain","4000","2026-06-23 4:46pm GMT","19","94","15","0","0","false","order","","true","http://kowsarhossain.com/","https://wordpress.org/plugins/woocommerce-filter-orders-by-product/","priority_data_room_candidate_not_supply_proof","unknown","unknown","unknown","unknown","unknown"
"105","7","tabby-checkout","Tabby Checkout","tabbyai","4000","2026-06-23 10:56am GMT","19","100","1","0","0","true","checkout","","true","https://tabby.ai/","https://wordpress.org/plugins/tabby-checkout/","priority_data_room_candidate_not_supply_proof","unknown","unknown","unknown","unknown","unknown"
"106","7","finale-woocommerce-sales-countdown-timer-discount","Finale Lite &#8211; Sales Countdown Timer &amp; Discount for WooCommerce","Daman Jeet","4000","2025-02-26 3:06pm GMT","501","94","148","0","0","false","","","true","https://xlplugins.com/finale-woocommerce-sales-countdown-timer-discount-plugin/","https://wordpress.org/plugins/finale-woocommerce-sales-countdown-timer-discount/","priority_data_room_candidate_not_supply_proof","unknown","unknown","unknown","unknown","unknown"
"107","7","woocommerce-max-quantity","Maximum Quantity for WooCommerce Shops","Naked Cat Plugins","3000","2026-06-06 12:56pm GMT","36","88","36","1","1","true","order","","false","","https://wordpress.org/plugins/woocommerce-max-quantity/","priority_data_room_candidate_not_supply_proof","unknown","unknown","unknown","unknown","unknown"
"108","7","pagbank-for-woocommerce","PagBank for WooCommerce","PagBank","3000","2026-05-28 6:47am GMT","46","72","7","2","1","true","checkout","","true","https://github.com/pagseguro/pagbank-for-woocommerce","https://wordpress.org/plugins/pagbank-for-woocommerce/","priority_data_room_candidate_not_supply_proof","unknown","unknown","unknown","unknown","unknown"
"109","7","gm-woocommerce-quote-popup","Product Enquiry for WooCommerce","theme funda","3000","2026-02-12 2:51am GMT","151","90","28","0","0","false","catalog; quote","","false","","https://wordpress.org/plugins/gm-woocommerce-quote-popup/","priority_data_room_candidate_not_supply_proof","unknown","unknown","unknown","unknown","unknown"
"110","7","upsell-order-bump-offer-for-woocommerce","Upsell Funnel Builder for WooCommerce – Create Upsells, Cross-Sells, Order Bumps, Frequently Bought, and Popups.","WP Swings","3000","2026-05-29 10:15am GMT","44","94","115","0","0","true","order","","false","https://wordpress.org/plugins/upsell-order-bump-offer-for-woocommerce/","https://wordpress.org/plugins/upsell-order-bump-offer-for-woocommerce/","priority_data_room_candidate_not_supply_proof","unknown","unknown","unknown","unknown","unknown"
"111","7","order-export-for-woocommerce","WP All Export – Order Export for WooCommerce","WP All Import","3000","2026-01-30 1:52pm GMT","163","78","8","0","0","false","order","","true","http://www.wpallimport.com/","https://wordpress.org/plugins/order-export-for-woocommerce/","priority_data_room_candidate_not_supply_proof","unknown","unknown","unknown","unknown","unknown"
"112","7","order-tracking","Order Tracking &#8211; WordPress Status Tracking Plugin","Rustaurius","3000","2026-07-08 7:39pm GMT","4","92","73","0","0","false","order","","true","https://www.etoilewebdesign.com/order-tracking/","https://wordpress.org/plugins/order-tracking/","priority_data_room_candidate_not_supply_proof","unknown","unknown","unknown","unknown","unknown"
"113","7","wc-gsheetconnector","GSheetConnector for WooCommerce – Send your Orders and Products to Google Sheet in Real-Time","WesternDeal","3000","2026-06-18 11:51am GMT","24","100","14","0","0","true","order; variation","","false","https://wordpress.org/plugins/wc-gsheetconnector/","https://wordpress.org/plugins/wc-gsheetconnector/","priority_data_room_candidate_not_supply_proof","unknown","unknown","unknown","unknown","unknown"
"114","7","tlp-food-menu","Food Menu &#8211; Restaurant Menu &amp; Online Ordering for WooCommerce","RadiusTheme","3000","2026-06-25 7:48am GMT","18","96","24","0","0","false","order; delivery","","true","http://demo.radiustheme.com/wordpress/plugins/food-menu/","https://wordpress.org/plugins/tlp-food-menu/","priority_data_room_candidate_not_supply_proof","unknown","unknown","unknown","unknown","unknown"
"115","7","flexible-refund-and-return-order-for-woocommerce","Flexible Refund for WooCommerce – EU One Click Return","wpdesk","2000","2026-07-08 8:10am GMT","5","100","2","4","4","true","order; return","","true","https://wpdesk.link/flexible-refunds","https://wordpress.org/plugins/flexible-refund-and-return-order-for-woocommerce/","priority_data_room_candidate_not_supply_proof","unknown","unknown","unknown","unknown","unknown"
"116","7","cart-notices-for-woocommerce","Cart Notices for WooCommerce","BeRocket","2000","2026-07-10 3:02pm GMT","2","100","41","2","0","true","checkout","","false","https://wordpress.org/plugins/cart-notices-for-woocommerce/","https://wordpress.org/plugins/cart-notices-for-woocommerce/","priority_data_room_candidate_not_supply_proof","unknown","unknown","unknown","unknown","unknown"
"117","7","variation-duplicator-for-woocommerce","Duplicate Variations for WooCommerce","Emran Ahmed","2000","2026-05-10 11:17am GMT","63","96","12","0","0","true","variation","","false","https://wordpress.org/plugins/variation-duplicator-for-woocommerce/","https://wordpress.org/plugins/variation-duplicator-for-woocommerce/","priority_data_room_candidate_not_supply_proof","unknown","unknown","unknown","unknown","unknown"
"118","7","order-on-mobile-for-woocommerce","Order On Mobile for WooCommerce","intolap","2000","2026-07-07 12:54pm GMT","5","98","66","0","0","false","order","","true","https://www.intolap.com/product/order-on-mobile-for-woocommerce-pro/","https://wordpress.org/plugins/order-on-mobile-for-woocommerce/","priority_data_room_candidate_not_supply_proof","unknown","unknown","unknown","unknown","unknown"
"119","7","additional-order-filters-for-woocommerce","Additional Order Filters for WooCommerce","Anton Bond","2000","2025-12-09 2:00pm GMT","215","100","6","0","0","false","order","","false","","https://wordpress.org/plugins/additional-order-filters-for-woocommerce/","priority_data_room_candidate_not_supply_proof","unknown","unknown","unknown","unknown","unknown"
"120","7","cancel-order-request-woocommerce","PiWeb Cancel order / Refund request for WooCommerce","PI Web Solution","2000","2026-07-06 11:15am GMT","6","96","38","0","0","false","order; return","","true","https://www.piwebsolution.com/product/cancel-order-request-repeat-order-re-order-for-woocommerce/","https://wordpress.org/plugins/cancel-order-request-woocommerce/","priority_data_room_candidate_not_supply_proof","unknown","unknown","unknown","unknown","unknown"
"121","7","product-expiry-for-woocommerce","Product Expiry for WooCommerce","WebCodingPlace","2000","2026-06-22 3:35am GMT","21","90","13","1","0","false","stock; variation","","true","https://webcodingplace.com/product-expiry-for-woocommerce/","https://wordpress.org/plugins/product-expiry-for-woocommerce/","priority_data_room_candidate_not_supply_proof","unknown","unknown","unknown","unknown","unknown"
"122","7","woo-zoho","Integration for WooCommerce and Zoho CRM, Books, Invoice, Inventory, Bigin","CRM Perks","2000","2026-05-18 11:46am GMT","55","100","83","0","0","false","order; inventory; invoice","","true","https://www.crmperks.com/plugins/woocommerce-plugins/woocommerce-zoho-plugin/","https://wordpress.org/plugins/woo-zoho/","priority_data_room_candidate_not_supply_proof","unknown","unknown","unknown","unknown","unknown"
"123","7","event-tickets-manager-for-woocommerce","Event Tickets Manager for WooCommerce","WP Swings","1000","2026-05-08 8:32am GMT","66","94","31","6","5","true","booking","","false","https://wordpress.org/plugins/event-tickets-manager-for-woocommerce/","https://wordpress.org/plugins/event-tickets-manager-for-woocommerce/","priority_data_room_candidate_not_supply_proof","unknown","unknown","unknown","unknown","unknown"
"124","7","clone-duplicate-orders-for-woocommerce","Clone / Duplicate Orders for WooCommerce","YMMV Plugins","1000","2026-01-16 10:00am GMT","178","100","2","2","2","true","order","","false","","https://wordpress.org/plugins/clone-duplicate-orders-for-woocommerce/","priority_data_room_candidate_not_supply_proof","unknown","unknown","unknown","unknown","unknown"
"125","7","clover-online-orders","Smart Online Order for Clover","ZAYTECH","1000","2026-04-29 10:52am GMT","74","98","34","0","0","false","order","","true","https://www.zaytech.com","https://wordpress.org/plugins/clover-online-orders/","priority_data_room_candidate_not_supply_proof","unknown","unknown","unknown","unknown","unknown"
"126","7","woo-commerce-addon-for-wp-courseware","WP Courseware for WooCommerce","flyplugins","1000","2025-09-26 4:27am GMT","290","62","15","0","0","false","","","true","http://flyplugins.com","https://wordpress.org/plugins/woo-commerce-addon-for-wp-courseware/","priority_data_room_candidate_not_supply_proof","unknown","unknown","unknown","unknown","unknown"
"127","7","custom-url-to-featured-image","Add Featured Image Custom Link","ViitorCloud Technologies Pvt Ltd","1000","2024-05-14 10:00am GMT","790","82","15","0","0","false","","","true","https://viitorcloud.com/blog/","https://wordpress.org/plugins/custom-url-to-featured-image/","priority_data_room_candidate_not_supply_proof","unknown","unknown","unknown","unknown","unknown"
"128","7","sequential-order-numbers-for-woocommerce","Sequential Order Numbers for WooCommerce","BeRocket","1000","2026-07-10 1:05pm GMT","2","98","15","0","0","true","order","","false","https://wordpress.org/plugins/sequential-order-numbers-for-woocommerce/","https://wordpress.org/plugins/sequential-order-numbers-for-woocommerce/","priority_data_room_candidate_not_supply_proof","unknown","unknown","unknown","unknown","unknown"
"129","7","wpc-order-tip","WPC Order Tip for WooCommerce","WPClever","1000","2026-07-10 8:12am GMT","3","76","4","3","0","true","order","","true","https://wpclever.net/","https://wordpress.org/plugins/wpc-order-tip/","priority_data_room_candidate_not_supply_proof","unknown","unknown","unknown","unknown","unknown"
"130","7","wp-woocommerce-quickbooks","Integration for WooCommerce and QuickBooks","CRM Perks","1000","2026-05-18 11:19am GMT","55","98","15","0","0","false","order","","true","https://www.crmperks.com/plugins/woocommerce-plugins/woocommerce-quickbooks-integration/","https://wordpress.org/plugins/wp-woocommerce-quickbooks/","priority_data_room_candidate_not_supply_proof","unknown","unknown","unknown","unknown","unknown"
"131","7","eu-withdrawal-compliance","EU Withdrawal Compliance","Fernando Tellado","1000","2026-07-10 12:22pm GMT","2","100","14","21","21","false","checkout","","true","https://servicios.ayudawp.com","https://wordpress.org/plugins/eu-withdrawal-compliance/","priority_data_room_candidate_not_supply_proof","unknown","unknown","unknown","unknown","unknown"
"132","7","wp-inventory-manager","WP Inventory Manager","WP Inventory","1000","2026-06-10 6:28am GMT","33","92","33","0","0","false","inventory; stock; catalog","","true","http://www.wpinventory.com","https://wordpress.org/plugins/wp-inventory-manager/","priority_data_room_candidate_not_supply_proof","unknown","unknown","unknown","unknown","unknown"
"133","7","barcode-scanner-lite-pos-to-manage-products-inventory-and-orders","Barcode Scanner (+Mobile App) &#8211; Inventory manager, Order fulfillment system, POS (Point of Sale)","Dmitry V. (CEO of ""UKR Solution"")","1000","2026-07-06 7:38pm GMT","6","100","52","0","0","false","order; fulfil; fulfill; inventory","","true","https://www.ukrsolution.com/Wordpress/WooCommerce-Barcode-QRCode-Scanner-Reader","https://wordpress.org/plugins/barcode-scanner-lite-pos-to-manage-products-inventory-and-orders/","priority_data_room_candidate_not_supply_proof","unknown","unknown","unknown","unknown","unknown"
"134","7","ecommerce-shipping-dashboard-by-ups-for-woocommerce","eCommerce Shipping Dashboard by UPS for WooCommerce","UPS","1000","2026-03-26 10:04am GMT","108","70","6","1","0","false","order; fulfil; fulfill; shipment; shipping; invoice","","true","https://ups.dashboardlink.com","https://wordpress.org/plugins/ecommerce-shipping-dashboard-by-ups-for-woocommerce/","priority_data_room_candidate_not_supply_proof","unknown","unknown","unknown","unknown","unknown"
"135","7","booking-and-rental-manager-for-woocommerce","Booking and Rental Manager for Bike | Car | Resort | Appointment | Dress | Equipment","magepeopleteam","1000","2026-07-06 8:12am GMT","7","88","32","1","1","false","booking; rental","","true","https://mage-people.com","https://wordpress.org/plugins/booking-and-rental-manager-for-woocommerce/","priority_data_room_candidate_not_supply_proof","unknown","unknown","unknown","unknown","unknown"
"136","7","a4-barcode-generator","Print Labels with Barcodes. Create price tags, product labels, order labels for WooCommerce","Dmitry V. (CEO of ""UKR Solution"")","1000","2026-06-24 1:30pm GMT","18","92","75","1","0","false","order","","true","https://www.ukrsolution.com/Joomla/A4-BarCode-Generator-For-Wordpress","https://wordpress.org/plugins/a4-barcode-generator/","priority_data_room_candidate_not_supply_proof","unknown","unknown","unknown","unknown","unknown"
"137","7","tour-booking-manager","Travelly – Tour &amp; Travel Booking Manager for WooCommerce | Tour &amp; Hotel Booking Solution","magepeopleteam","1000","2026-05-22 5:20am GMT","52","96","45","1","0","false","booking","","true","http://mage-people.com","https://wordpress.org/plugins/tour-booking-manager/","priority_data_room_candidate_not_supply_proof","unknown","unknown","unknown","unknown","unknown"
"138","7","restropress","RestroPress &#8211; Online Food Ordering System","Magnigenie","1000","2026-07-03 11:36am GMT","9","88","102","1","0","false","order; delivery","","true","https://www.restropress.com","https://wordpress.org/plugins/restropress/","priority_data_room_candidate_not_supply_proof","unknown","unknown","unknown","unknown","unknown"
"139","7","exportfeed-for-woocommerce-product-to-etsy","Etsy Integration For WooCommerce","ExportFeed.com","900","2026-02-26 10:24am GMT","136","80","42","0","0","false","order; inventory; stock","","true","https://dpl.company/woocommerce-etsy-integration/","https://wordpress.org/plugins/exportfeed-for-woocommerce-product-to-etsy/","priority_data_room_candidate_not_supply_proof","unknown","unknown","unknown","unknown","unknown"
"140","7","woocommerce-bulk-order-form","Bulk Order Form for WooCommerce","WP Overnight","900","2026-03-25 10:58am GMT","109","92","19","0","0","false","order","","true","https://wpovernight.com/downloads/woocommerce-bulk-order-form/","https://wordpress.org/plugins/woocommerce-bulk-order-form/","priority_data_room_candidate_not_supply_proof","unknown","unknown","unknown","unknown","unknown"
"141","7","woo-sold-individually-for-variations","Sold Individually for WooCommerce Product Variations","Naked Cat Plugins","800","2025-04-19 4:18pm GMT","449","100","5","0","0","true","variation","","false","","https://wordpress.org/plugins/woo-sold-individually-for-variations/","priority_data_room_candidate_not_supply_proof","unknown","unknown","unknown","unknown","unknown"
"142","7","wc-search-orders-by-product","WC Search Orders By Product","akshayaswaroop","800","2026-02-12 6:13pm GMT","150","86","3","0","0","true","order","","true","https://www.wpheka.com/product/wc-search-orders-by-product","https://wordpress.org/plugins/wc-search-orders-by-product/","priority_data_room_candidate_not_supply_proof","unknown","unknown","unknown","unknown","unknown"
"143","7","agreeme-checkboxes-for-woocommerce","AgreeMe Checkboxes For WooCommerce","Amin Y","600","2025-11-19 11:07am GMT","235","80","4","0","0","false","checkout","","true","https:///agreeme-checkbox-for-woocommerce/","https://wordpress.org/plugins/agreeme-checkboxes-for-woocommerce/","priority_data_room_candidate_not_supply_proof","unknown","unknown","unknown","unknown","unknown"
"144","7","woo-conditional-discount-rules-for-checkout","Dynamic Pricing and Discount Rules for WooCommerce","Dotstore","600","2026-06-15 3:00pm GMT","27","80","13","1","1","true","checkout","","true","https://www.thedotstore.com/woocommerce-conditional-discount-rules-for-checkout/","https://wordpress.org/plugins/woo-conditional-discount-rules-for-checkout/","priority_data_room_candidate_not_supply_proof","unknown","unknown","unknown","unknown","unknown"
"145","7","delivery-and-pickup-scheduling-for-woocommerce","Chwazi &#8211; Delivery &amp; Pickup Scheduling for WooCommerce","Uriahs Victor","600","2026-06-16 5:15pm GMT","26","100","28","2","2","true","delivery; checkout","","true","https://chwazidatetime.com","https://wordpress.org/plugins/delivery-and-pickup-scheduling-for-woocommerce/","priority_data_room_candidate_not_supply_proof","unknown","unknown","unknown","unknown","unknown"
"146","7","portugal-ctt-tracking-woocommerce","Portugal CTT Tracking for WooCommerce","Naked Cat Plugins","600","2026-04-12 11:32am GMT","91","100","5","0","0","true","order; shipping; delivery","","true","https://www.webdados.pt/wordpress/plugins/tracking-ctt-portugal-para-woocommerce-wordpress/","https://wordpress.org/plugins/portugal-ctt-tracking-woocommerce/","priority_data_room_candidate_not_supply_proof","unknown","unknown","unknown","unknown","unknown"
"147","7","weight-based-pricing-for-woocommerce","Weight Based Pricing for WooCommerce","ThemeParrot","600","2024-09-06 5:39am GMT","675","86","7","0","0","false","shipping","","true","https://www.themeparrot.com/","https://wordpress.org/plugins/weight-based-pricing-for-woocommerce/","priority_data_room_candidate_not_supply_proof","unknown","unknown","unknown","unknown","unknown"
"148","7","wc-sales-count-manager","Sales Count Manager for WooCommerce","WP-EXPERTS.IN","300","2026-01-09 7:20am GMT","185","100","8","0","0","false","inventory","","true","https://www.wp-experts.in/products/woocommerce-sales-count-manager-addon/","https://wordpress.org/plugins/wc-sales-count-manager/","priority_data_room_candidate_not_supply_proof","unknown","unknown","unknown","unknown","unknown"
"149","7","anti-fake-orders-ip-blocker","Anti Fake Orders &amp; IP Blocker","Shohanur Rahman Shohan","300","2026-02-11 8:07pm GMT","151","46","3","0","0","true","order; checkout","","true","https://proshohan.com/anti-fake-orders-ip-blocker/","https://wordpress.org/plugins/anti-fake-orders-ip-blocker/","priority_data_room_candidate_not_supply_proof","unknown","unknown","unknown","unknown","unknown"
"150","7","admin-and-client-message-after-order-for-woocommerce","Admin and Customer Messages After Order for WooCommerce: OrderConvo","N-Media","200","2026-01-15 4:53am GMT","179","92","22","1","0","false","order","","true","http://www.najeebmedia.com","https://wordpress.org/plugins/admin-and-client-message-after-order-for-woocommerce/","priority_data_room_candidate_not_supply_proof","unknown","unknown","unknown","unknown","unknown"
"151","7","fast-woo-order-lookup","Fast Woo Order Lookup","OllieJones","200","2026-03-04 4:22pm GMT","130","100","8","1","0","true","order","","true","https://plumislandmedia.net/wordpress-plugins/fast-woo-order-lookup/","https://wordpress.org/plugins/fast-woo-order-lookup/","priority_data_room_candidate_not_supply_proof","unknown","unknown","unknown","unknown","unknown"
"152","7","woo-billing-with-invoicexpress","Invoicing with InvoiceXpress for WooCommerce &#8211; Free","Naked Cat Plugins","100","2026-07-07 11:09am GMT","5","100","11","0","0","true","invoice","","true","https://invoicewoo.com","https://wordpress.org/plugins/woo-billing-with-invoicexpress/","priority_data_room_candidate_not_supply_proof","unknown","unknown","unknown","unknown","unknown"
"153","7","wc-stock-dependencies","Stock Dependencies for WooCommerce","KevinMcCall","100","2025-10-11 1:30am GMT","275","92","9","0","0","false","inventory; stock","","true","https://github.com/kmac420/stock-dependencies-for-woocommerce","https://wordpress.org/plugins/wc-stock-dependencies/","priority_data_room_candidate_not_supply_proof","unknown","unknown","unknown","unknown","unknown"
"154","7","gigl-delivery","GIG Logistic Delivery for Woocommerce","pushtech","100","2024-10-08 1:48pm GMT","642","100","1","0","0","false","shipping; delivery","","true","https://giglogistics.com","https://wordpress.org/plugins/gigl-delivery/","priority_data_room_candidate_not_supply_proof","unknown","unknown","unknown","unknown","unknown"
"155","7","order-redirects-for-woocommerce","Order Redirects for WooCommerce","WP Sunshine","100","2025-12-08 10:09pm GMT","216","100","1","0","0","false","order; variation","","true","https://wpsunshine.com/plugins/order-redirects-for-woocommerce","https://wordpress.org/plugins/order-redirects-for-woocommerce/","priority_data_room_candidate_not_supply_proof","unknown","unknown","unknown","unknown","unknown"
"156","7","syncio-multistore-product-inventory-sync-for-woocommerce","Syncio — Multistore Product &amp; Inventory Sync For WooCommerce","Syncio","100","2025-05-07 12:30am GMT","432","100","1","0","0","true","inventory; stock","","false","","https://wordpress.org/plugins/syncio-multistore-product-inventory-sync-for-woocommerce/","priority_data_room_candidate_not_supply_proof","unknown","unknown","unknown","unknown","unknown"
"157","7","free-product-sample","Free Product Samples for WooCommerce – Try Before You Buy, Request Samples by Mail","Dotstore","100","2026-03-30 6:06am GMT","105","74","3","0","0","true","order","","true","https://www.thedotstore.com/free-product-samples-for-woocommerce/","https://wordpress.org/plugins/free-product-sample/","priority_data_room_candidate_not_supply_proof","unknown","unknown","unknown","unknown","unknown"
"158","6","woo-advanced-shipment-tracking","Advanced Shipment Tracking for WooCommerce","Zorem","60000","2026-07-06 8:56am GMT","7","90","351","12","8","true","order; fulfil; fulfill; shipment; shipping","","true","https://www.zorem.com/products/woocommerce-advanced-shipment-tracking/","https://wordpress.org/plugins/woo-advanced-shipment-tracking/","secondary_screen","unknown","unknown","unknown","unknown","unknown"
"159","6","variation-swatches-for-woocommerce","Variation Swatches for WooCommerce","Woosuite","50000","2026-06-08 3:10pm GMT","34","74","59","0","0","false","variation","","true","https://aovup.com/plugins/woocommerce-variation-swatches/","https://wordpress.org/plugins/variation-swatches-for-woocommerce/","secondary_screen","unknown","unknown","unknown","unknown","unknown"
"160","6","modern-cart","Modern Cart – WooCommerce Side Cart &amp; Popup Cart","Brainstorm Force","50000","2026-06-17 12:34pm GMT","25","98","10","1","1","true","shipping","","false","","https://wordpress.org/plugins/modern-cart/","secondary_screen","unknown","unknown","unknown","unknown","unknown"
"161","6","quick-buy-now-button-for-woocommerce","Quick Buy Now Button for WooCommerce","Tanvirul Haque","40000","2026-06-01 5:02am GMT","42","100","10","0","0","true","checkout","","false","https://wordpress.org/plugins/quick-buy-now-button-for-woocommerce/","https://wordpress.org/plugins/quick-buy-now-button-for-woocommerce/","secondary_screen","unknown","unknown","unknown","unknown","unknown"
"162","6","cart-for-woocommerce","Sliding Cart for WooCommerce by FunnelKit – Skip Cart &amp; Reach WooCommerce Checkout Faster","FunnelKit","30000","2026-06-09 2:44pm GMT","33","100","108","2","2","false","checkout","","true","https://funnelkit.com/funnelkit-cart/","https://wordpress.org/plugins/cart-for-woocommerce/","secondary_screen","unknown","unknown","unknown","unknown","unknown"
"163","6","funnel-builder","FunnelKit &#8211; Funnel Builder for WooCommerce Checkout","FunnelKit","30000","2026-07-01 1:18pm GMT","11","100","1007","2","2","false","checkout","","true","https://funnelkit.com/wordpress-funnel-builder/","https://wordpress.org/plugins/funnel-builder/","secondary_screen","unknown","unknown","unknown","unknown","unknown"
"164","6","pw-woocommerce-gift-cards","PW WooCommerce Gift Cards","pimwick","20000","2026-06-30 10:19pm GMT","12","94","194","4","4","true","","","true","https://www.pimwick.com/gift-cards/","https://wordpress.org/plugins/pw-woocommerce-gift-cards/","secondary_screen","unknown","unknown","unknown","unknown","unknown"
"165","6","woocommerce-customizer","Customizer for WooCommerce","SkyVerge","20000","2026-03-02 12:24pm GMT","132","92","31","0","0","false","","","true","http://www.skyverge.com/product/woocommerce-customizer/","https://wordpress.org/plugins/woocommerce-customizer/","secondary_screen","unknown","unknown","unknown","unknown","unknown"
"166","6","load-more-products-for-woocommerce","Load More Products for WooCommerce","BeRocket","20000","2026-07-13 6:44pm GMT","0","98","272","1","1","true","","","true","https://berocket.com/woocommerce-load-more-products?utm_source=paid_plugin&utm_medium=plugins&utm_campaign=BeRocket_LMP","https://wordpress.org/plugins/load-more-products-for-woocommerce/","secondary_screen","unknown","unknown","unknown","unknown","unknown"
"167","6","email-template-customizer-for-woo","Email Template Customizer for WooCommerce","VillaTheme","20000","2026-06-19 7:14am GMT","24","92","105","10","2","true","","","true","https://villatheme.com/extensions/woocommerce-email-template-customizer/","https://wordpress.org/plugins/email-template-customizer-for-woo/","secondary_screen","unknown","unknown","unknown","unknown","unknown"
"168","6","checkout-field-editor-and-manager-for-woocommerce","Checkout Field Editor for WooCommerce &#8211; Checkout Manager","acowebs","20000","2026-07-07 11:48am GMT","5","98","161","0","0","false","checkout","","false","","https://wordpress.org/plugins/checkout-field-editor-and-manager-for-woocommerce/","secondary_screen","unknown","unknown","unknown","unknown","unknown"
"169","6","packlink-pro-shipping","Packlink PRO for WooCommerce","packlink","20000","2026-07-13 7:30am GMT","0","90","262","1","1","false","order; shipping; delivery","","false","https://en.wordpress.org/plugins/packlink-pro-shipping/","https://wordpress.org/plugins/packlink-pro-shipping/","secondary_screen","unknown","unknown","unknown","unknown","unknown"
"170","6","woo-product-gallery-slider","Product Gallery Slider, Additional Variation Images for WooCommerce","Niloy - Codeixer","20000","2026-05-29 3:33pm GMT","44","92","160","0","0","false","variation","","false","https://wordpress.org/plugins/woo-product-gallery-slider/","https://wordpress.org/plugins/woo-product-gallery-slider/","secondary_screen","unknown","unknown","unknown","unknown","unknown"
"171","6","easy-woocommerce-discounts","Discount Rules and Dynamic Pricing for WooCommerce","AsanaPlugins","10000","2026-07-12 12:01am GMT","1","94","247","2","2","true","","","true","https://www.asanaplugins.com/product/woocommerce-dynamic-pricing-and-discounts-plugin/?utm_source=easy-woocommerce-discounts-free&utm_campaign=easy-woocommerce-discounts&utm_medium=link","https://wordpress.org/plugins/easy-woocommerce-discounts/","secondary_screen","unknown","unknown","unknown","unknown","unknown"
"172","6","currency-switcher-woocommerce","Currency Switcher for WooCommerce","WP Wham","10000","2026-03-16 8:06am GMT","119","84","43","0","0","false","","","true","https://wpwham.com/products/currency-switcher-for-woocommerce/","https://wordpress.org/plugins/currency-switcher-woocommerce/","secondary_screen","unknown","unknown","unknown","unknown","unknown"
"173","6","one-stop-shop-woocommerce","One Stop Shop for WooCommerce","vendidero","10000","2026-07-09 2:11pm GMT","3","100","5","0","0","false","delivery","","true","https://github.com/vendidero/one-stop-shop-woocommerce","https://wordpress.org/plugins/one-stop-shop-woocommerce/","secondary_screen","unknown","unknown","unknown","unknown","unknown"
"174","6","surbma-magyar-woocommerce","HuCommerce | Magyar kiegészítések WooCommerce webáruházakhoz","Surbma","10000","2026-04-26 9:55am GMT","78","100","32","1","0","true","","","true","https://www.hucommerce.hu/","https://wordpress.org/plugins/surbma-magyar-woocommerce/","secondary_screen","unknown","unknown","unknown","unknown","unknown"
"175","6","qode-wishlist-for-woocommerce","QODE Wishlist for WooCommerce","Qode","10000","2025-12-23 11:26am GMT","201","100","2","0","0","false","","","true","https://qodeinteractive.com/qode-wishlist-for-woocommerce/","https://wordpress.org/plugins/qode-wishlist-for-woocommerce/","secondary_screen","unknown","unknown","unknown","unknown","unknown"
"176","6","woocommerce-auto-added-coupons","Extended Coupon Features for WooCommerce FREE","Soft79","10000","2026-02-14 9:16pm GMT","148","100","69","0","0","false","","","true","http://www.soft79.nl","https://wordpress.org/plugins/woocommerce-auto-added-coupons/","secondary_screen","unknown","unknown","unknown","unknown","unknown"
"177","6","wb-custom-product-tabs-for-woocommerce","Custom Product tabs for WooCommerce","Web Builder 143","10000","2026-03-26 5:09pm GMT","108","98","47","2","0","true","","","false","https://wordpress.org/plugins/wb-custom-product-tab-for-wooCommerce/","https://wordpress.org/plugins/wb-custom-product-tabs-for-woocommerce/","secondary_screen","unknown","unknown","unknown","unknown","unknown"
"178","6","easy-woocommerce-auto-sku-generator","Easy Auto SKU Generator for WooCommerce","Dan Zakirov","10000","2026-06-04 6:40pm GMT","38","98","269","0","0","false","variation","","false","https://wordpress.org/plugins/easy-woocommerce-auto-sku-generator/","https://wordpress.org/plugins/easy-woocommerce-auto-sku-generator/","secondary_screen","unknown","unknown","unknown","unknown","unknown"
"179","6","qode-quick-view-for-woocommerce","QODE Quick View for WooCommerce","Qode","10000","2025-12-23 11:21am GMT","201","100","1","0","0","false","","","true","https://qodeinteractive.com/qode-quick-view-for-woocommerce/","https://wordpress.org/plugins/qode-quick-view-for-woocommerce/","secondary_screen","unknown","unknown","unknown","unknown","unknown"
"180","6","flexible-product-fields","Flexible Product Fields (WooCommerce Product Addons) &#8211; WooCommerce Product Page Editor","wpdesk","10000","2026-07-02 11:03am GMT","10","90","105","2","2","false","variation","","false","https://wordpress.org/plugins/flexible-product-fields/","https://wordpress.org/plugins/flexible-product-fields/","secondary_screen","unknown","unknown","unknown","unknown","unknown"
"181","6","tier-pricing-table","Tiered Pricing Table for WooCommerce","Mykola Lukin","10000","2026-07-08 12:45pm GMT","4","94","101","2","2","true","","","true","https://tiered-pricing.com/","https://wordpress.org/plugins/tier-pricing-table/","secondary_screen","unknown","unknown","unknown","unknown","unknown"
"182","6","printify-for-woocommerce","Printify for WooCommerce","printify","10000","2026-05-27 2:24pm GMT","46","56","37","0","0","false","shipping","","false","https://wordpress.org/plugins/printify-for-woocommerce/","https://wordpress.org/plugins/printify-for-woocommerce/","secondary_screen","unknown","unknown","unknown","unknown","unknown"
"183","6","shiprocket","Shiprocket","Shiprocket","10000","2026-05-20 6:46am GMT","54","54","20","1","0","false","order; shipment; shipping; delivery","","false","","https://wordpress.org/plugins/shiprocket/","secondary_screen","unknown","unknown","unknown","unknown","unknown"
"184","6","woo-rfq-for-woocommerce","NP Quote Request for WooCommerce","Neah Plugins","9000","2026-04-28 11:19am GMT","75","92","87","1","1","false","quote","","false","","https://wordpress.org/plugins/woo-rfq-for-woocommerce/","secondary_screen","unknown","unknown","unknown","unknown","unknown"
"185","6","added-to-cart-popup-woocommerce","Cart Popup for WooCommerce","xootix","9000","2026-05-21 6:10am GMT","53","88","70","0","0","true","","","true","http://xootix.com","https://wordpress.org/plugins/added-to-cart-popup-woocommerce/","secondary_screen","unknown","unknown","unknown","unknown","unknown"
"186","6","tp-product-image-flipper-for-woocommerce","TP Product Image Flipper for WooCommerce","TPlugins","9000","2026-04-05 2:34pm GMT","98","94","24","0","0","false","","","true","https://www.tplugins.com/","https://wordpress.org/plugins/tp-product-image-flipper-for-woocommerce/","secondary_screen","unknown","unknown","unknown","unknown","unknown"
"187","6","woo-advanced-product-size-chart","Product Size Charts Plugin for WooCommerce","Dotstore","9000","2026-02-05 4:07am GMT","158","86","39","0","0","false","","","true","https://www.thedotstore.com/woocommerce-advanced-product-size-charts/","https://wordpress.org/plugins/woo-advanced-product-size-chart/","secondary_screen","unknown","unknown","unknown","unknown","unknown"
"188","6","wpc-composite-products","WPC Composite Products for WooCommerce","WPClever","9000","2026-06-29 3:52pm GMT","13","92","76","1","0","true","","","true","https://wpclever.net/","https://wordpress.org/plugins/wpc-composite-products/","secondary_screen","unknown","unknown","unknown","unknown","unknown"
"189","6","woocommerce-store-toolkit","Store Toolkit –  WooCommerce Extensions, Quick Enhancements &amp; Handy Tools","Josh Kohlbach","8000","2026-07-06 4:28am GMT","7","96","44","0","0","false","order","","false","https://wordpress.org/plugins/woocommerce-store-toolkit/","https://wordpress.org/plugins/woocommerce-store-toolkit/","secondary_screen","unknown","unknown","unknown","unknown","unknown"
"190","6","wc-donation-platform","Donation Platform for WooCommerce: Fundraising &amp; Donation Management","Jonas","7000","2026-02-06 8:26pm GMT","156","98","98","9","9","false","","","true","https://www.wc-donation.com/","https://wordpress.org/plugins/wc-donation-platform/","secondary_screen","unknown","unknown","unknown","unknown","unknown"
"191","6","hungarian-pickup-points-for-woocommerce","Csomagpontok és Címkék WooCommerce-hez","Viszt Péter","7000","2026-07-08 1:09pm GMT","4","100","26","3","1","true","","","true","http://visztpeter.me","https://wordpress.org/plugins/hungarian-pickup-points-for-woocommerce/","secondary_screen","unknown","unknown","unknown","unknown","unknown"
"192","6","integration-for-szamlazzhu-woocommerce","Számlázz.hu integráció WooCommerce-hez","Viszt Péter","7000","2026-05-31 11:25am GMT","42","98","54","0","0","true","","","true","https://visztpeter.me","https://wordpress.org/plugins/integration-for-szamlazzhu-woocommerce/","secondary_screen","unknown","unknown","unknown","unknown","unknown"
"193","6","woocommerce-breadcrumbs","Breadcrumbs for WooCommerce","Anthony Hortin","6000","2026-05-18 7:17am GMT","56","94","13","0","0","true","","","true","http://maddisondesigns.com/breadcrumbs-for-woocommerce","https://wordpress.org/plugins/woocommerce-breadcrumbs/","secondary_screen","unknown","unknown","unknown","unknown","unknown"
"194","6","woocommerce-mailchimp","WP WooCommerce Mailchimp","Saint Systems","6000","2026-04-07 11:23pm GMT","96","86","35","1","0","false","","","true","https://www.saintsystems.com/products/woocommerce-mailchimp/","https://wordpress.org/plugins/woocommerce-mailchimp/","secondary_screen","unknown","unknown","unknown","unknown","unknown"
"195","6","flexible-invoices","Flexible PDF Invoices for WooCommerce &amp; WordPress","wpdesk","6000","2026-06-21 2:10am GMT","22","88","37","2","2","false","invoice","","false","https://wordpress.org/plugins/flexible-invoices/","https://wordpress.org/plugins/flexible-invoices/","secondary_screen","unknown","unknown","unknown","unknown","unknown"
"196","6","product-visibility-by-user-role-for-woocommerce","Product Visibility by User Role for WooCommerce","WP Wham","6000","2026-02-20 7:38am GMT","143","74","20","0","0","false","","","true","https://wpwham.com/products/product-visibility-by-user-role-for-woocommerce/","https://wordpress.org/plugins/product-visibility-by-user-role-for-woocommerce/","secondary_screen","unknown","unknown","unknown","unknown","unknown"
"197","6","portugal-states-distritos-for-woocommerce","Portugal States (Distritos) for WooCommerce","Naked Cat Plugins","5000","2026-04-12 11:29am GMT","91","100","9","0","0","true","","","true","https://www.webdados.pt/wordpress/plugins/portugal-states-distritos-woocommerce-wordpress/","https://wordpress.org/plugins/portugal-states-distritos-for-woocommerce/","secondary_screen","unknown","unknown","unknown","unknown","unknown"
"198","6","woo-product-table","Product Table for WooCommerce","Saiful Islam","5000","2026-06-24 11:41am GMT","18","96","291","0","0","true","","","true","https://wooproducttable.com/pricing/?utm_source=WPT+Plugin+Dashboard&utm_medium=Free+Version","https://wordpress.org/plugins/woo-product-table/","secondary_screen","unknown","unknown","unknown","unknown","unknown"
"199","6","multiparcels-shipping-for-woocommerce","MultiParcels Shipping For WooCommerce","multiparcels","4000","2026-07-10 7:46am GMT","3","92","62","2","0","false","shipping","","false","","https://wordpress.org/plugins/multiparcels-shipping-for-woocommerce/","secondary_screen","unknown","unknown","unknown","unknown","unknown"
"200","6","woo-auto-coupons","Auto Coupons for WooCommerce","RLDD","4000","2026-06-09 2:30pm GMT","33","98","16","2","1","true","","","true","https://richardlerma.com/plugins/","https://wordpress.org/plugins/woo-auto-coupons/","secondary_screen","unknown","unknown","unknown","unknown","unknown"
"201","6","woocommerce-custom-product-tabs-lite","Custom Product Tabs Lite for WooCommerce","SkyVerge","4000","2026-03-02 12:19pm GMT","132","84","33","0","0","false","","","true","https://www.skyverge.com/product/woocommerce-custom-product-tabs-lite/","https://wordpress.org/plugins/woocommerce-custom-product-tabs-lite/","secondary_screen","unknown","unknown","unknown","unknown","unknown"
"202","6","baselinker-woo","Base (formerly BaseLinker) &#8211; 300+ marketplaces, 150+ carriers &amp; PIM &amp; OMS &amp; WMS in one","base","4000","2026-06-24 9:56pm GMT","18","84","5","0","0","false","warehouse","","true","https://developers.baselinker.com/shops_api/extensions/","https://wordpress.org/plugins/baselinker-woo/","secondary_screen","unknown","unknown","unknown","unknown","unknown"
"203","6","pagbank-connect","PagBank / PagSeguro Connect para WooCommerce","Ricardo Martins (PagBank Integrações)","4000","2026-07-13 4:24am GMT","0","100","60","1","1","true","","","true","https://pbintegracoes.com","https://wordpress.org/plugins/pagbank-connect/","secondary_screen","unknown","unknown","unknown","unknown","unknown"
"204","6","product-configurator-for-woocommerce","Product Configurator for WooCommerce","mklacroix","3000","2026-07-08 4:30pm GMT","4","96","42","6","4","true","","","true","http://wc-product-configurator.com","https://wordpress.org/plugins/product-configurator-for-woocommerce/","secondary_screen","unknown","unknown","unknown","unknown","unknown"
"205","6","woocommerce-eu-vat-compliance","European VAT Compliance Assistant for WooCommerce","David Anderson / Team Updraft","3000","2026-03-25 10:43am GMT","109","96","26","1","1","false","","","true","https://www.simbahosting.co.uk/s3/product/woocommerce-eu-vat-compliance/","https://wordpress.org/plugins/woocommerce-eu-vat-compliance/","secondary_screen","unknown","unknown","unknown","unknown","unknown"
"206","6","video-wc-gallery","Video Gallery for WooCommerce &#8211; Add Product Video &amp; Featured Video","Nitramix","3000","2026-06-18 2:27pm GMT","24","100","43","5","5","true","","","true","https://nitramix.com/projects/video-gallery-for-woocommerce","https://wordpress.org/plugins/video-wc-gallery/","secondary_screen","unknown","unknown","unknown","unknown","unknown"
"207","6","import-shopify-to-woocommerce","S2W &#8211; Import Shopify to WooCommerce","VillaTheme","3000","2026-06-20 8:31am GMT","23","94","42","1","0","true","","","true","https://villatheme.com/extensions/import-shopify-to-woocommerce","https://wordpress.org/plugins/import-shopify-to-woocommerce/","secondary_screen","unknown","unknown","unknown","unknown","unknown"
"208","6","woocommerce-more-sorting","More Sorting Options for WooCommerce","WP Wham","3000","2026-03-11 8:07am GMT","124","86","11","0","0","false","","","true","https://wpwham.com/products/more-sorting-options-for-woocommerce/","https://wordpress.org/plugins/woocommerce-more-sorting/","secondary_screen","unknown","unknown","unknown","unknown","unknown"
"209","6","wc-place-order-without-payment","Place Order Without Payment for WooCommerce","Nitin Prakash","3000","2026-02-18 10:06am GMT","144","96","20","0","0","true","order; quote","payment","true","https://nitin247.com/plugin/woocommerce-place-order-without-payment/","https://wordpress.org/plugins/wc-place-order-without-payment/","secondary_screen","unknown","unknown","unknown","unknown","unknown"
"210","6","sms-alert","SMS Alert – SMS &amp; OTP for WooCommerce, Order Notifications &amp; Abandoned Cart Recovery","Cozy Vision Technologies Pvt. Ltd.","3000","2026-07-13 12:07pm GMT","0","92","35","0","0","false","order","","false","https://wordpress.org/plugins/sms-alert/","https://wordpress.org/plugins/sms-alert/","secondary_screen","unknown","unknown","unknown","unknown","unknown"
"211","6","repeat-order-for-woocommerce","Repeat Order for WooCommerce","polyres","3000","2026-07-09 5:18pm GMT","3","86","6","1","1","false","order","","true","https://poly-res.com/plugins/repeat-order-for-woocommerce/","https://wordpress.org/plugins/repeat-order-for-woocommerce/","secondary_screen","unknown","unknown","unknown","unknown","unknown"
"212","6","social-contact-form","Contact Form to Chat Apps | Click to Chat to Order &#8211; FormyChat","WPPOOL","3000","2026-07-09 11:27am GMT","3","100","6","1","1","false","order","","true","https://wppool.dev/social-contact-form-pricing/","https://wordpress.org/plugins/social-contact-form/","secondary_screen","unknown","unknown","unknown","unknown","unknown"
"213","6","dc-woocommerce-multi-vendor","MultiVendorX &#8211; WooCommerce Multivendor Marketplace AI Powered Solutions","MultiVendorX","2000","2026-06-30 10:14am GMT","12","96","432","2","2","true","","","true","https://multivendorx.com/","https://wordpress.org/plugins/dc-woocommerce-multi-vendor/","secondary_screen","unknown","unknown","unknown","unknown","unknown"
"214","6","markup-by-attribute-for-woocommerce","Markup by Attribute for WooCommerce","Mark Tomlinson","2000","2026-06-19 9:39pm GMT","23","90","28","1","1","false","variation","","false","https://wordpress.org/plugins/markup-by-attribute-for-woocommerce/","https://wordpress.org/plugins/markup-by-attribute-for-woocommerce/","secondary_screen","unknown","unknown","unknown","unknown","unknown"
"215","6","woo-bulk-price-update","Bulk Price Update for Woocommerce","technocrackers","2000","2025-07-03 12:16pm GMT","374","80","16","0","0","false","","","false","","https://wordpress.org/plugins/woo-bulk-price-update/","secondary_screen","unknown","unknown","unknown","unknown","unknown"
"216","6","storegrowth-sales-booster","StoreGrowth: Smart Sales Booster for WooCommerce | BOGO, Upsells, Direct Checkout, Quick View, Side Cart","weDevs","2000","2026-06-23 11:48am GMT","19","100","7","0","0","true","order; shipping; stock; checkout","","false","","https://wordpress.org/plugins/storegrowth-sales-booster/","secondary_screen","unknown","unknown","unknown","unknown","unknown"
"217","6","bd-courier-order-ratio-checker","BD Courier Order Ratio Checker","Rasedul Haque Rumi","2000","2026-07-09 1:11pm GMT","3","100","3","0","0","false","order","","true","https://rasedulhaque.com/bd-courier-order-ratio-checker","https://wordpress.org/plugins/bd-courier-order-ratio-checker/","secondary_screen","unknown","unknown","unknown","unknown","unknown"
"218","6","woo-combo-offers","Combo Offers WooCommerce","Vidish","2000","2026-02-17 6:29am GMT","146","96","17","0","0","false","","","true","https://quanticedgesolutions.com/?utm-source=free-plugin&utm-medium=wooextend","https://wordpress.org/plugins/woo-combo-offers/","secondary_screen","unknown","unknown","unknown","unknown","unknown"
"219","6","stock-locations-for-woocommerce","Stock Locations for WooCommerce","Fahad Mahmood","1000","2026-07-03 7:19am GMT","10","96","52","3","3","false","stock","","false","","https://wordpress.org/plugins/stock-locations-for-woocommerce/","secondary_screen","unknown","unknown","unknown","unknown","unknown"
"220","6","activedemand","ActiveDEMAND","ActiveDEMAND Online Agency Marketing Automation","1000","2025-10-15 8:37pm GMT","270","100","6","0","0","false","","","true","https://www2.activedemand.com/s/Gnf5n","https://wordpress.org/plugins/activedemand/","secondary_screen","unknown","unknown","unknown","unknown","unknown"
"221","6","order-auto-complete-for-woocommerce","Order auto complete for WooCommerce","Ibrahim","1000","2026-01-21 10:51am GMT","172","100","3","0","0","false","order","","false","","https://wordpress.org/plugins/order-auto-complete-for-woocommerce/","secondary_screen","unknown","unknown","unknown","unknown","unknown"
"222","6","export-order-items-for-woocommerce","Export Order Items for WooCommerce","BerryPress","1000","2026-03-06 8:10pm GMT","128","94","9","0","0","false","order","","false","https://wordpress.org/plugins/export-order-items-for-woocommerce/","https://wordpress.org/plugins/export-order-items-for-woocommerce/","secondary_screen","unknown","unknown","unknown","unknown","unknown"
"223","6","phone-orders-for-woocommerce","Phone Orders for WooCommerce","algol.plus","1000","2026-06-10 5:11am GMT","33","100","32","1","0","false","order","","false","","https://wordpress.org/plugins/phone-orders-for-woocommerce/","secondary_screen","unknown","unknown","unknown","unknown","unknown"
"224","6","retainful-next-order-coupon-for-woocommerce","Retainful &#8211; WooCommerce Abandoned Cart, Newsletters, Email Marketing, Signup Forms and Automation","retainful","1000","2026-03-19 12:25pm GMT","115","98","98","0","0","true","subscription","marketing","true","https://www.retainful.com","https://wordpress.org/plugins/retainful-next-order-coupon-for-woocommerce/","secondary_screen","unknown","unknown","unknown","unknown","unknown"
"225","6","purchase-orders-for-woocommerce","Purchase Orders for WooCommerce","mcgregormedia","1000","2025-11-11 11:15pm GMT","243","84","5","0","0","true","order; purchase order","payment","true","https://mcgregormedia.co.uk","https://wordpress.org/plugins/purchase-orders-for-woocommerce/","secondary_screen","unknown","unknown","unknown","unknown","unknown"
"226","6","pdf-invoices-and-packing-slips-for-woocommerce","PDF Invoices and Packing Slips For WooCommerce","acowebs","1000","2026-05-27 4:06am GMT","47","100","19","0","0","false","order; shipping; delivery; invoice; packing","","false","","https://wordpress.org/plugins/pdf-invoices-and-packing-slips-for-woocommerce/","secondary_screen","unknown","unknown","unknown","unknown","unknown"
"227","6","stock-sync-for-woocommerce","Stock Sync for WooCommerce","WP Trio","1000","2026-01-28 10:08am GMT","165","88","7","0","0","false","stock","","false","","https://wordpress.org/plugins/stock-sync-for-woocommerce/","secondary_screen","unknown","unknown","unknown","unknown","unknown"
"228","6","cart-rest-api-for-woocommerce","CoCart &#8211; Headless REST API for WooCommerce","CoCart Headless","1000","2026-07-12 6:43pm GMT","0","98","21","0","0","true","","","true","https://cocartapi.com","https://wordpress.org/plugins/cart-rest-api-for-woocommerce/","secondary_screen","unknown","unknown","unknown","unknown","unknown"
"229","6","call-to-action-block-wppool","Call to Action Block by WPPOOL","WPPOOL","1000","2025-12-09 9:08am GMT","216","20","1","0","0","false","","","true","https://block-cta.wppool.dev/","https://wordpress.org/plugins/call-to-action-block-wppool/","secondary_screen","unknown","unknown","unknown","unknown","unknown"
"230","6","woo-order-notes","WPC Order Notes for WooCommerce","WPClever","900","2026-06-16 4:19am GMT","27","86","3","1","0","true","order","","true","https://wpclever.net/","https://wordpress.org/plugins/woo-order-notes/","secondary_screen","unknown","unknown","unknown","unknown","unknown"
"231","6","wpsyncsheets-woocommerce","Export WooCommerce Orders, Products, Customers &amp; Coupons to Google Sheets","Creative Werk Designs","700","2026-05-30 9:01am GMT","44","100","26","0","0","false","order","","true","https://www.wpsyncsheets.com/wpsyncsheets-for-woocommerce/","https://wordpress.org/plugins/wpsyncsheets-woocommerce/","secondary_screen","unknown","unknown","unknown","unknown","unknown"
"232","6","stock-sync-with-google-sheet-for-woocommerce","FlexStock &#8211; Product Stock Sync with Google Sheets for WooCommerce","WPPOOL","700","2026-06-30 3:47am GMT","13","90","21","2","2","false","inventory; stock","","true","https://wppool.dev/flexstock/","https://wordpress.org/plugins/stock-sync-with-google-sheet-for-woocommerce/","secondary_screen","unknown","unknown","unknown","unknown","unknown"
"233","6","shop-as-client","Shop as Client for WooCommerce &#8211; Manual, Phone &amp; Email Orders","Naked Cat Plugins","600","2026-06-29 4:26am GMT","14","100","9","0","0","true","order; checkout","","true","https://nakedcatplugins.com/product/shop-as-client-for-woocommerce-pro-add-on/","https://wordpress.org/plugins/shop-as-client/","secondary_screen","unknown","unknown","unknown","unknown","unknown"
"234","6","brikpanel-admin-panel-dashboard-for-woocommerce","BrikPanel: WooCommerce Dashboard, Abandoned Cart Recovery, Google Sheets Sync, Inventory Management &amp; Bulk Editor","Brksoft","500","2026-07-13 4:15pm GMT","0","100","30","62","61","true","inventory","","false","","https://wordpress.org/plugins/brikpanel-admin-panel-dashboard-for-woocommerce/","secondary_screen","unknown","unknown","unknown","unknown","unknown"
"235","6","advanced-custom-order-status-for-woocommerce","Advanced Custom Order Status for WooCommerce","StorePlugin","500","2026-05-21 6:58pm GMT","52","100","2","0","0","true","order; fulfil; fulfill","","true","https://storeplugin.net/plugins/advanced-custom-order-status-for-woocommerce","https://wordpress.org/plugins/advanced-custom-order-status-for-woocommerce/","secondary_screen","unknown","unknown","unknown","unknown","unknown"
"236","6","ni-woocommerce-sales-report","Ni WooCommerce Sales Report","Anzar Ahmed","500","2026-03-04 7:42pm GMT","130","76","10","0","0","false","order","","false","https://wordpress.org/plugins/ni-woocommerce-sales-report/","https://wordpress.org/plugins/ni-woocommerce-sales-report/","secondary_screen","unknown","unknown","unknown","unknown","unknown"
"237","6","store-manager-connector","eMagicOne Store Manager for WooCommerce","eMagicOne","500","2025-12-09 2:36pm GMT","215","66","10","0","0","false","","","true","https://emagicone.com/products/store-manager-for-woocommerce/","https://wordpress.org/plugins/store-manager-connector/","secondary_screen","unknown","unknown","unknown","unknown","unknown"
"238","6","commercebird","CommerceBird – AI Command Center, ERP Integrations &amp; B2B for WooCommerce (Zoho, Exact Online).","CommerceBird","400","2026-07-13 1:09pm GMT","0","100","6","0","0","true","order; quote; purchase order","","true","https://commercebird.com","https://wordpress.org/plugins/commercebird/","secondary_screen","unknown","unknown","unknown","unknown","unknown"
"239","6","excel-like-price-change-for-woocommerce-and-wp-e-commerce-light","Spreadsheet Price Changer for WooCommerce and WP E-commerce &#8211; Light","Holest Engineering","400","2024-10-16 6:56am GMT","635","82","15","0","0","false","","","true","https://holest.com/spreadsheet-price-changer-for-woocommerce-and-wp-e-commerce","https://wordpress.org/plugins/excel-like-price-change-for-woocommerce-and-wp-e-commerce-light/","secondary_screen","unknown","unknown","unknown","unknown","unknown"
"240","6","supplier-order-email","Supplier Order Email","MCI Desarrollo","400","2026-06-17 11:10am GMT","25","98","14","1","1","false","order","","true","https://mci-desarrollo.es/supplier-order-email-premium/?lang=en","https://wordpress.org/plugins/supplier-order-email/","secondary_screen","unknown","unknown","unknown","unknown","unknown"
"241","6","woocommerce-export-orders","Export Orders for WooCommerce – CSV, Excel, XML, JSON &amp; PDF Export","Imaginate Solutions","400","2026-06-23 2:53am GMT","20","74","6","0","0","true","order","","true","https://imaginate-solutions.com/","https://wordpress.org/plugins/woocommerce-export-orders/","secondary_screen","unknown","unknown","unknown","unknown","unknown"
"242","6","eu-withdrawal-button-for-woocommerce","EU Withdrawal Button for WooCommerce","riinagency","400","2026-07-06 4:02pm GMT","6","100","2","2","1","true","return","","true","https://riin.eu/withdrawal-plugin","https://wordpress.org/plugins/eu-withdrawal-button-for-woocommerce/","secondary_screen","unknown","unknown","unknown","unknown","unknown"
"243","6","product-sync-master-sheet","Sync Master Sheet &#8211; Product Sync with Google Sheet for WooCommerce","Saiful Islam","400","2026-05-20 12:19pm GMT","53","100","7","1","0","true","inventory; stock","","true","https://codeastrology.com/how-to-setup-product-sync-master-plugin/","https://wordpress.org/plugins/product-sync-master-sheet/","secondary_screen","unknown","unknown","unknown","unknown","unknown"
"244","6","cartboss","SMS Abandoned Cart Recovery ✦ CartBoss","CartBoss","400","2025-12-05 12:33pm GMT","219","98","29","0","0","false","","","true","https://www.cartboss.io","https://wordpress.org/plugins/cartboss/","secondary_screen","unknown","unknown","unknown","unknown","unknown"
"245","6","woo-sticky-product-bar","Sticky Product Add to Cart and Checkout Bar for WooCommerce","oneteamsoftware","300","2025-05-26 6:28pm GMT","412","74","9","0","0","false","checkout","","false","https://wordpress.org/plugins/woo-sticky-product-bar/","https://wordpress.org/plugins/woo-sticky-product-bar/","secondary_screen","unknown","unknown","unknown","unknown","unknown"
"246","6","woo-order-splitter","Order Splitter for WooCommerce","Fahad Mahmood","300","2026-03-08 9:27am GMT","127","94","70","0","0","false","order","","false","https://wordpress.org/plugins/woo-order-splitter","https://wordpress.org/plugins/woo-order-splitter/","secondary_screen","unknown","unknown","unknown","unknown","unknown"
"247","6","order-sync-with-google-sheets-for-woocommerce","FlexOrder &#8211; WooCommerce Order Sync &amp; Management with Google Sheets","WPPOOL","300","2026-06-24 9:44am GMT","19","74","10","0","0","false","order","","true","https://wcordersync.com/","https://wordpress.org/plugins/order-sync-with-google-sheets-for-woocommerce/","secondary_screen","unknown","unknown","unknown","unknown","unknown"
"248","6","cargo-shipping-location-for-woocommerce","Cargo Shipping Location for WooCommerce","Cargo RD","200","2026-04-15 10:21am GMT","88","0","0","1","0","true","order; shipment; shipping; delivery","","true","https://cargo.co.il/","https://wordpress.org/plugins/cargo-shipping-location-for-woocommerce/","secondary_screen","unknown","unknown","unknown","unknown","unknown"
"249","6","autoship-cloud","Autoship Cloud for WooCommerce Subscription Products","patternsinthecloud","200","2026-06-10 8:28pm GMT","32","92","37","0","0","false","order; delivery; subscription","","true","https://autoship.cloud","https://wordpress.org/plugins/autoship-cloud/","secondary_screen","unknown","unknown","unknown","unknown","unknown"
"250","6","wc-order-cancellation-return","Order Cancellation &amp; Returns for WooCommerce","YoOhw Studio","200","2026-06-14 2:58am GMT","29","100","1","0","0","true","order; return","","true","https://yoohw.com/docs/category/woocommerce-cancel-return-orders/","https://wordpress.org/plugins/wc-order-cancellation-return/","secondary_screen","unknown","unknown","unknown","unknown","unknown"
"251","6","woo-prune-orders","Prune WooCommerce Orders","Sean Conklin","200","2025-09-07 6:01pm GMT","308","100","1","0","0","false","order","","false","","https://wordpress.org/plugins/woo-prune-orders/","secondary_screen","unknown","unknown","unknown","unknown","unknown"
"252","6","gcal-event-addon-woocommerce-bookings","Calendar Event Add-on WooCommerce Bookings","Rajesh Kaswala","100","2024-07-15 3:12am GMT","728","100","3","0","0","false","booking","","false","","https://wordpress.org/plugins/gcal-event-addon-woocommerce-bookings/","secondary_screen","unknown","unknown","unknown","unknown","unknown"
"253","6","feed-kuantokusta-for-woocommerce","Feed KuantoKusta for WooCommerce &#8211; Free","Naked Cat Plugins","100","2026-05-27 3:25pm GMT","46","0","0","0","0","true","product feed","","true","https://www.webdados.pt/wordpress/plugins/feed-kuantokusta-para-woocommerce/","https://wordpress.org/plugins/feed-kuantokusta-for-woocommerce/","secondary_screen","unknown","unknown","unknown","unknown","unknown"
"254","6","auto-assign-order-tags-for-woocommerce","Order Tags or Order Label for WooCommerce","PI Web Solution","100","2026-07-07 12:04pm GMT","5","100","2","0","0","true","order","","true","https://www.piwebsolution.com/","https://wordpress.org/plugins/auto-assign-order-tags-for-woocommerce/","secondary_screen","unknown","unknown","unknown","unknown","unknown"
"255","6","order-tip-for-woocommerce","Order Tip &amp; Donations for WooCommerce","PI Web Solution","100","2026-07-07 12:16pm GMT","5","100","1","0","0","true","order; delivery","","true","https://www.piwebsolution.com/product/order-tip-donation-for-woocommerce-pro/","https://wordpress.org/plugins/order-tip-for-woocommerce/","secondary_screen","unknown","unknown","unknown","unknown","unknown"
"256","6","multi-location-product-and-inventory-management","Multi Location Product &amp; Inventory Management for WooCommerce","Plugincy","100","2026-06-25 9:46am GMT","18","100","5","0","0","true","order; inventory; stock","","true","https://plugincy.com/multi-location-product-and-inventory-management","https://wordpress.org/plugins/multi-location-product-and-inventory-management/","secondary_screen","unknown","unknown","unknown","unknown","unknown"
"257","6","shelf-planner","Shelf Planner Inventory Management for WooCommerce","Shelf Planner","100","2026-06-26 2:16pm GMT","16","94","16","0","0","false","inventory","","true","https://www.shelfplanner.com/","https://wordpress.org/plugins/shelf-planner/","secondary_screen","unknown","unknown","unknown","unknown","unknown"
"258","6","smart-auto-sku-generator-for-woocommerce","Smart Auto SKU Generator for WooCommerce","touhidz","100","2026-01-24 11:50pm GMT","169","100","2","0","0","true","inventory","","false","https://wordpress.org/plugins/smart-auto-sku-generator-for-woocommerce/","https://wordpress.org/plugins/smart-auto-sku-generator-for-woocommerce/","secondary_screen","unknown","unknown","unknown","unknown","unknown"
"259","6","hippoo-shippo-integration-for-woocommerce","Hippoo Shippo Integration for WooCommerce","hippooo","100","2026-07-01 3:57pm GMT","11","20","1","0","0","true","shipping","","true","https://hippoo.app","https://wordpress.org/plugins/hippoo-shippo-integration-for-woocommerce/","secondary_screen","unknown","unknown","unknown","unknown","unknown"
"260","6","minmax-quantities-for-woocommerce","Min Max Quantity &#8211; Minimum/Maximum Quantity, Step Control &amp; Price Limit for WooCommerce","StorePlugin","100","2026-05-21 7:07pm GMT","52","0","0","0","0","true","order","","true","https://storeplugin.net","https://wordpress.org/plugins/minmax-quantities-for-woocommerce/","secondary_screen","unknown","unknown","unknown","unknown","unknown"
"261","6","woo-add-to-quote","B2B Request a Quote","Saad Iqbal","90","2025-09-17 9:26am GMT","299","100","2","0","0","true","quote","","true","https://wpexperts.io/products/woo-add-to-quote/","https://wordpress.org/plugins/woo-add-to-quote/","secondary_screen","unknown","unknown","unknown","unknown","unknown"
"262","6","cf7-woo-product-registration","CF7 Woo Product Registration","thehowarde","90","2025-02-14 8:23pm GMT","513","100","2","0","0","true","return","","true","https://www.duckdiverllc.com","https://wordpress.org/plugins/cf7-woo-product-registration/","secondary_screen","unknown","unknown","unknown","unknown","unknown"
"263","6","chinadivision-orderfulfillment-for-woocommerce","ChinaDivision OrderFulfillment for WooCommerce","chinadivision","10","2025-07-11 10:05am GMT","366","100","15","0","0","false","order; fulfil; fulfill","","true","https://www.chinadivision.com/woocommerce-order-fulfillment","https://wordpress.org/plugins/chinadivision-orderfulfillment-for-woocommerce/","secondary_screen","unknown","unknown","unknown","unknown","unknown"
"264","6","fieldora-checkout-for-woo","Fieldora Checkout for WooCommerce","Theodore Sfakianakis","0","2025-12-30 1:00pm GMT","194","0","0","0","0","true","checkout","","true","https://github.com/TheoSfak/smart-checkout-fields-manager","https://wordpress.org/plugins/fieldora-checkout-for-woo/","secondary_screen","unknown","unknown","unknown","unknown","unknown"
"265","5","woocommerce-pdf-invoices-packing-slips","PDF Invoices &amp; Packing Slips for WooCommerce","WP Overnight","300000","2026-07-13 7:22pm GMT","0","100","1858","23","16","true","order; invoice; packing","","true","https://wpovernight.com/downloads/woocommerce-pdf-invoices-packing-slips-bundle/","https://wordpress.org/plugins/woocommerce-pdf-invoices-packing-slips/","secondary_screen","unknown","unknown","unknown","unknown","unknown"
"266","5","kadence-woocommerce-email-designer","Kadence WooCommerce Email Designer","Nexcess","100000","2025-11-20 6:24pm GMT","234","90","142","2","0","false","","","true","http://kadencewp.com/products/woocommerce-email-designer/","https://wordpress.org/plugins/kadence-woocommerce-email-designer/","secondary_screen","unknown","unknown","unknown","unknown","unknown"
"267","5","woocommerce-checkout-manager","Checkout Field Manager (Checkout Manager) for WooCommerce","quadlayers","90000","2026-06-29 1:28pm GMT","13","90","781","4","2","false","checkout","","true","https://quadlayers.com/products/woocommerce-checkout-manager/","https://wordpress.org/plugins/woocommerce-checkout-manager/","secondary_screen","unknown","unknown","unknown","unknown","unknown"
"268","5","woocommerce-direct-checkout","Direct Checkout for WooCommerce","quadlayers","80000","2026-06-28 4:06pm GMT","14","96","407","0","0","false","checkout","","true","https://quadlayers.com/products/woocommerce-direct-checkout/","https://wordpress.org/plugins/woocommerce-direct-checkout/","secondary_screen","unknown","unknown","unknown","unknown","unknown"
"269","5","flexible-checkout-fields","Flexible Checkout Fields for WooCommerce &#8211; WooCommerce Checkout Manager","wpdesk","80000","2026-07-13 10:23am GMT","0","94","295","1","1","false","checkout","","true","https://www.wpdesk.net/sk/flexible-checkout-fields-plugin/","https://wordpress.org/plugins/flexible-checkout-fields/","secondary_screen","unknown","unknown","unknown","unknown","unknown"
"270","5","woocommerce-currency-switcher","FOX &#8211; Currency Switcher Professional for WooCommerce","RealMag777","50000","2026-07-05 11:08am GMT","7","88","249","7","5","true","","","true","https://currency-switcher.com/","https://wordpress.org/plugins/woocommerce-currency-switcher/","secondary_screen","unknown","unknown","unknown","unknown","unknown"
"271","5","wcboost-variation-swatches","WCBoost &#8211; Variation Swatches","WCBoost","50000","2026-06-02 10:24am GMT","40","96","5","0","0","false","variation","","true","https://wcboost.com/plugin/woocommerce-variation-swatches/","https://wordpress.org/plugins/wcboost-variation-swatches/","secondary_screen","unknown","unknown","unknown","unknown","unknown"
"272","5","dokan-lite","Dokan: AI Powered WooCommerce Multivendor Marketplace Solution – Build Your Own Amazon, eBay, Etsy","Dokan, Inc.","40000","2026-07-06 12:16pm GMT","6","92","766","18","17","true","","","true","https://dokan.co/wordpress/","https://wordpress.org/plugins/dokan-lite/","secondary_screen","unknown","unknown","unknown","unknown","unknown"
"273","5","woo-bulk-editor","BEAR &#8211; Bulk Editor and Products Manager Professional for WooCommerce by Pluginus.Net","RealMag777","40000","2026-07-05 11:07am GMT","7","94","225","2","1","true","","","true","https://bulk-editor.com/","https://wordpress.org/plugins/woo-bulk-editor/","secondary_screen","unknown","unknown","unknown","unknown","unknown"
"274","5","klarna-payments-for-woocommerce","Klarna for WooCommerce","Klarna","30000","2026-06-22 12:12pm GMT","20","46","20","1","0","true","","","true","https://krokedil.com/klarna-payments/","https://wordpress.org/plugins/klarna-payments-for-woocommerce/","secondary_screen","unknown","unknown","unknown","unknown","unknown"
"275","5","woo-product-bundle","WPC Product Bundles for WooCommerce","WPClever","30000","2026-06-29 3:56pm GMT","13","88","220","7","1","true","","","true","https://wpclever.net/","https://wordpress.org/plugins/woo-product-bundle/","secondary_screen","unknown","unknown","unknown","unknown","unknown"
"276","5","advanced-coupons-for-woocommerce-free","Advanced Coupons for WooCommerce Coupons &amp; Store Credit","Josh Kohlbach","20000","2026-06-11 3:04am GMT","32","88","180","4","4","false","","","true","https://advancedcouponsplugin.com","https://wordpress.org/plugins/advanced-coupons-for-woocommerce-free/","secondary_screen","unknown","unknown","unknown","unknown","unknown"
"277","5","bv-cloudways-automated-migration","Cloudways WordPress Migrator","Cloudways","20000","2026-07-06 10:19am GMT","6","84","36","0","0","false","","","true","https://www.cloudways.com","https://wordpress.org/plugins/bv-cloudways-automated-migration/","secondary_screen","unknown","unknown","unknown","unknown","unknown"
"278","5","wc-frontend-manager","WCFM &#8211; Frontend Manager for WooCommerce","WC Lovers","20000","2026-06-28 8:04am GMT","15","90","285","5","0","false","","","true","https://wclovers.com","https://wordpress.org/plugins/wc-frontend-manager/","secondary_screen","unknown","unknown","unknown","unknown","unknown"
"279","5","product-video-gallery-slider-for-woocommerce","Product Video Gallery for Woocommerce","NikHiL Gadhiya","10000","2026-06-30 3:59pm GMT","12","92","97","2","2","true","","","false","","https://wordpress.org/plugins/product-video-gallery-slider-for-woocommerce/","secondary_screen","unknown","unknown","unknown","unknown","unknown"
"280","5","best-woocommerce-feed","Product Feed Manager For WooCommerce &#8211; Sell on 200+ Online Marketplaces","RexTheme","10000","2026-07-10 6:51am GMT","3","96","251","1","1","true","catalog; product feed","facebook","true","https://rextheme.com","https://wordpress.org/plugins/best-woocommerce-feed/","secondary_screen","unknown","unknown","unknown","unknown","unknown"
"281","5","aco-product-labels-for-woocommerce","Product Labels For Woocommerce (Sale Badges)","acowebs","10000","2026-06-01 12:07pm GMT","41","92","54","0","0","true","","","false","","https://wordpress.org/plugins/aco-product-labels-for-woocommerce/","secondary_screen","unknown","unknown","unknown","unknown","unknown"
"282","5","hide-categories-products-woocommerce","Hide Categories and Products for Woocommerce","NOUS Open Usefull Simple","10000","2026-04-29 12:41pm GMT","74","80","28","1","0","true","","","false","","https://wordpress.org/plugins/hide-categories-products-woocommerce/","secondary_screen","unknown","unknown","unknown","unknown","unknown"
"283","5","shopmagic-for-woocommerce","ShopMagic &#8211; email automation","wpdesk","10000","2026-07-07 1:29am GMT","6","92","77","2","2","false","","","true","https://shopmagic.app/sk/shopmagic-for-woocommerce-plugin/","https://wordpress.org/plugins/shopmagic-for-woocommerce/","secondary_screen","unknown","unknown","unknown","unknown","unknown"
"284","5","woo-alidropship","ALD &#8211; Dropshipping and Fulfillment for AliExpress and WooCommerce","VillaTheme","10000","2026-07-13 4:01am GMT","0","74","138","3","1","true","order; fulfil; fulfill; shipping","dropship","true","https://villatheme.com/extensions/aliexpress-dropshipping-and-fulfillment-for-woocommerce/","https://wordpress.org/plugins/woo-alidropship/","secondary_screen","unknown","unknown","unknown","unknown","unknown"
"285","5","woocommerce-products-slider","Product Slider, Product Grid, Product Masonry","PickPlugins","10000","2026-06-08 2:52am GMT","35","86","86","0","0","false","","","true","http://pickplugins.com/items/woocommerce-product-slider-for-wordpress/","https://wordpress.org/plugins/woocommerce-products-slider/","secondary_screen","unknown","unknown","unknown","unknown","unknown"
"286","5","woo-authorize-net-gateway-aim","Secure Gateway for Authorize.net and WooCommerce by Pledged Plugins","mohsin.id","10000","2026-04-27 5:53pm GMT","76","98","34","1","0","true","subscription","payment","true","https://pledgedplugins.com/products/authorize-net-payment-gateway-woocommerce/","https://wordpress.org/plugins/woo-authorize-net-gateway-aim/","secondary_screen","unknown","unknown","unknown","unknown","unknown"
"287","5","woo-ajax-add-to-cart","Ajax add to cart for WooCommerce","quadlayers","10000","2026-06-28 10:07pm GMT","14","94","77","0","0","false","","","true","https://quadlayers.com","https://wordpress.org/plugins/woo-ajax-add-to-cart/","secondary_screen","unknown","unknown","unknown","unknown","unknown"
"288","5","newsletter-optin-box","Simple Newsletter Plugin &#8211; Noptin","Noptin Newsletter Team","10000","2026-07-12 8:47pm GMT","0","90","117","0","0","false","","","true","https://noptin.com","https://wordpress.org/plugins/newsletter-optin-box/","secondary_screen","unknown","unknown","unknown","unknown","unknown"
"289","5","wc-product-table-lite","Product Table &amp; List Builder For WooCommerce","WC Product Table","10000","2026-07-10 6:12am GMT","3","98","251","0","0","false","","","true","https://wcproducttable.com/","https://wordpress.org/plugins/wc-product-table-lite/","secondary_screen","unknown","unknown","unknown","unknown","unknown"
"290","5","seo-redirection","SEO Redirection Plugin &#8211; 301 Redirect Manager","wp-buy","10000","2026-06-06 12:26pm GMT","36","86","73","0","0","false","","","true","https://www.wp-buy.com/product/seo-redirection-premium-wordpress-plugin/","https://wordpress.org/plugins/seo-redirection/","secondary_screen","unknown","unknown","unknown","unknown","unknown"
"291","5","gdpr-framework","The GDPR Framework By Data443","Data443 Risk Mitigation, Inc.","10000","2026-05-26 3:35pm GMT","47","96","65","0","0","false","","","true","https://www.data443.com/gdpr-framework/","https://wordpress.org/plugins/gdpr-framework/","secondary_screen","unknown","unknown","unknown","unknown","unknown"
"292","5","woo-orders-tracking","Orders Tracking for WooCommerce","VillaTheme","10000","2026-06-26 9:33am GMT","17","90","58","1","0","true","order; shipment","paypal","true","https://villatheme.com/extensions/woocommerce-orders-tracking","https://wordpress.org/plugins/woo-orders-tracking/","secondary_screen","unknown","unknown","unknown","unknown","unknown"
"293","5","wpb-accordion-menu-or-category","WPB Accordion Menu &#8211; Collapsible Vertical Sidebar Menu &#8211; WooCommerce Category Accordion","WPBean","10000","2026-07-13 8:26am GMT","0","86","52","0","0","false","","","true","https://wpbean.com/downloads/wpb-accordion-menu-category-pro/","https://wordpress.org/plugins/wpb-accordion-menu-or-category/","secondary_screen","unknown","unknown","unknown","unknown","unknown"
"294","5","agile-store-locator","Store Locator WordPress","Agile Logix","10000","2026-07-02 7:30pm GMT","10","98","57","3","3","false","","","true","https://agilestorelocator.com","https://wordpress.org/plugins/agile-store-locator/","secondary_screen","unknown","unknown","unknown","unknown","unknown"
"295","5","miniorange-saml-20-single-sign-on","SAML Single Sign On – SSO Login","miniOrange","10000","2026-07-09 10:38am GMT","3","98","387","0","0","false","","","true","https://miniorange.com/","https://wordpress.org/plugins/miniorange-saml-20-single-sign-on/","secondary_screen","unknown","unknown","unknown","unknown","unknown"
"296","5","pushengage","PushEngage – Web Push Notifications, WooCommerce Automation &amp; Chat Widget","Syed Balkhi","9000","2026-07-02 12:29pm GMT","10","84","34","0","0","false","","","true","https://www.pushengage.com/?utm_source=WordPress&utm_campaign=Plugin&utm_medium=pluginHeader&utm_content=plugin-uri-link","https://wordpress.org/plugins/pushengage/","secondary_screen","unknown","unknown","unknown","unknown","unknown"
"297","5","woocommerce-product-sku-generator","Product SKU Generator for WooCommerce","SkyVerge","8000","2026-04-23 12:48pm GMT","80","98","20","0","0","false","","","true","http://www.skyverge.com/product/woocommerce-product-sku-generator/","https://wordpress.org/plugins/woocommerce-product-sku-generator/","secondary_screen","unknown","unknown","unknown","unknown","unknown"
"298","5","woocommerce-other-payment-gateway","Custom Payment Gateway for WooCommerce","Waseem Senjer","8000","2025-12-08 1:16pm GMT","216","86","16","0","0","true","","payment","true","https://wpruby.com/plugin/woocommerce-custom-payment-gateway-pro/","https://wordpress.org/plugins/woocommerce-other-payment-gateway/","secondary_screen","unknown","unknown","unknown","unknown","unknown"
"299","5","points-and-rewards-for-woocommerce","Points and Rewards for WooCommerce","WP Swings","7000","2026-07-10 12:37pm GMT","2","90","176","0","0","true","","","false","https://wordpress.org/plugins/points-and-rewards-for-woocommerce/","https://wordpress.org/plugins/points-and-rewards-for-woocommerce/","secondary_screen","unknown","unknown","unknown","unknown","unknown"
"300","5","wp-menu-cart","WP Menu Cart","WP Overnight","7000","2026-06-22 7:53am GMT","21","96","23","2","0","false","","","true","https://wpovernight.com/downloads/menu-cart-pro/","https://wordpress.org/plugins/wp-menu-cart/","secondary_screen","unknown","unknown","unknown","unknown","unknown"
"301","5","brands-for-woocommerce","Brands for WooCommerce","BeRocket","6000","2026-07-10 3:08pm GMT","2","96","76","4","2","true","","","false","https://wordpress.org/plugins/brands-for-woocommerce/","https://wordpress.org/plugins/brands-for-woocommerce/","secondary_screen","unknown","unknown","unknown","unknown","unknown"
"302","5","easy-product-bundles-for-woocommerce","Product Bundle Builder for WooCommerce","AsanaPlugins","6000","2026-07-12 12:00am GMT","1","96","60","1","1","false","","","true","https://www.asanaplugins.com/product/woocommerce-product-bundles/?utm_source=easy-product-bundles-woocommerce-plugin&utm_campaign=easy-product-bundles-woocommerce&utm_medium=link","https://wordpress.org/plugins/easy-product-bundles-for-woocommerce/","secondary_screen","unknown","unknown","unknown","unknown","unknown"
"303","5","license-manager-for-woocommerce","License Manager for WooCommerce","Saad Iqbal","6000","2026-07-08 12:33pm GMT","4","92","147","1","0","false","","","true","https://www.wpexperts.io/","https://wordpress.org/plugins/license-manager-for-woocommerce/","secondary_screen","unknown","unknown","unknown","unknown","unknown"
"304","5","wedevs-project-manager","Project Manager – AI Powered Project Management, Task Management, Kanban Board &amp; Time Tracker","weDevs","6000","2026-06-26 4:45am GMT","17","76","184","1","1","false","","","true","https://wedevs.com/wp-project-manager-pro/","https://wordpress.org/plugins/wedevs-project-manager/","secondary_screen","unknown","unknown","unknown","unknown","unknown"
"305","5","woocommerce-eu-vat-assistant","EU VAT Assistant for WooCommerce","Diego","5000","2026-04-29 5:51pm GMT","74","100","37","0","0","false","","","true","https://aelia.co/shop/eu-vat-assistant-woocommerce/","https://wordpress.org/plugins/woocommerce-eu-vat-assistant/","secondary_screen","unknown","unknown","unknown","unknown","unknown"
"306","5","order-status-control-for-woocommerce","Order Status Control for WooCommerce","brightvesseldev","5000","2025-12-02 9:24pm GMT","222","100","4","0","0","true","order","payment","false","","https://wordpress.org/plugins/order-status-control-for-woocommerce/","secondary_screen","unknown","unknown","unknown","unknown","unknown"
"307","5","drag-and-drop-multiple-file-upload-for-woocommerce","Drag and Drop Multiple File Upload for WooCommerce","Glen Don Mongaya","5000","2026-06-24 12:36pm GMT","18","98","20","0","0","false","","","true","https://www.codedropz.com/","https://wordpress.org/plugins/drag-and-drop-multiple-file-upload-for-woocommerce/","secondary_screen","unknown","unknown","unknown","unknown","unknown"
"308","5","erp","ERP: Complete HR, Accounting &amp; CRM Suite Built for WooCommerce","weDevs","5000","2026-07-08 12:02pm GMT","4","88","149","0","0","false","","","true","https://wperp.com","https://wordpress.org/plugins/erp/","secondary_screen","unknown","unknown","unknown","unknown","unknown"
"309","5","zoho-flow","Zoho Flow – No-Code Workflow Automation","Zoho Flow","5000","2026-06-02 9:19am GMT","41","100","13","0","0","false","","","true","https://www.zohoflow.com/?utm_source=wordpress&utm_campaign=plugin-uri&utm_medium=link","https://wordpress.org/plugins/zoho-flow/","secondary_screen","unknown","unknown","unknown","unknown","unknown"
"310","5","nowpayments-for-woocommerce","NOWPayments for WooCommerce – Crypto Payment Gateway","CoderPress","4000","2026-05-22 6:22am GMT","52","84","13","0","0","true","checkout","payment; crypto","true","https://coderpress.co/products/nowpayments-for-woocommerce/?utm_source=npwc&utm_medium=plugin-uri","https://wordpress.org/plugins/nowpayments-for-woocommerce/","secondary_screen","unknown","unknown","unknown","unknown","unknown"
"311","5","disable-payment-method-for-woocommerce","PiWeb Disable payment method / Partial payment for WooCommerce","PI Web Solution","4000","2026-07-05 10:38am GMT","7","100","38","1","0","true","order; delivery","payment","true","https://www.piwebsolution.com/product/disable-payment-method-payment-fees-partial-payment-for-woocommerce/","https://wordpress.org/plugins/disable-payment-method-for-woocommerce/","secondary_screen","unknown","unknown","unknown","unknown","unknown"
"312","5","import-woocommerce","Import WooCommerce Suite for Products, Orders, Coupons, Reviews, and Customers | WP Ultimate CSV Importer","Smackcoders Inc.,","4000","2026-06-24 3:32pm GMT","18","46","6","0","0","false","order","","false","","https://wordpress.org/plugins/import-woocommerce/","secondary_screen","unknown","unknown","unknown","unknown","unknown"
"313","5","delete-all-products","Delete All Products for WooCommerce","ThemeDyno","4000","2025-12-21 5:31am GMT","204","100","7","0","0","false","","","false","","https://wordpress.org/plugins/delete-all-products/","secondary_screen","unknown","unknown","unknown","unknown","unknown"
"314","5","sync-basalam","ووسلام &#8211; همگام سازی ووکامرس و باسلام","hamsalam","4000","2026-07-13 2:29pm GMT","0","94","3","0","0","true","","","true","https://wp.hamsalam.ir","https://wordpress.org/plugins/sync-basalam/","secondary_screen","unknown","unknown","unknown","unknown","unknown"
"315","5","sheets-to-wp-table-live-sync","FlexTable &#8211; Data Table Sync with Google Sheets","WPPOOL","4000","2026-06-24 8:52am GMT","19","92","34","0","0","false","","","true","https://wppool.dev/sheets-to-wp-table-live-sync/","https://wordpress.org/plugins/sheets-to-wp-table-live-sync/","secondary_screen","unknown","unknown","unknown","unknown","unknown"
"316","5","wc-zelle","Checkout with Zelle on Woocommerce","The African Boss","3000","2025-05-28 4:52am GMT","411","68","5","1","1","false","checkout","payment","true","https://theafricanboss.com/zelle","https://wordpress.org/plugins/wc-zelle/","secondary_screen","unknown","unknown","unknown","unknown","unknown"
"317","5","gls-shipping-for-woocommerce","GLS Shipping for WooCommerce","GLS","2000","2026-06-17 9:16am GMT","26","76","5","7","5","false","shipping","","false","","https://wordpress.org/plugins/gls-shipping-for-woocommerce/","secondary_screen","unknown","unknown","unknown","unknown","unknown"
"318","5","annasta-woocommerce-product-filters","annasta Filters for WooCommerce","annastaa","2000","2026-06-08 10:04am GMT","34","96","43","1","1","true","","","false","","https://wordpress.org/plugins/annasta-woocommerce-product-filters/","secondary_screen","unknown","unknown","unknown","unknown","unknown"
"319","5","additional-product-fields-for-woocommerce","Extra Product Options Builder for WooCommerce","EDGARROJAS","2000","2026-07-13 2:47pm GMT","0","96","94","1","1","false","","","true","https://productbuilder.rednao.com/getit/","https://wordpress.org/plugins/additional-product-fields-for-woocommerce/","secondary_screen","unknown","unknown","unknown","unknown","unknown"
"320","5","myfatoorah-woocommerce","MyFatoorah &#8211; WooCommerce","MyFatoorah","2000","2026-02-17 12:59pm GMT","145","86","3","0","0","true","shipping","payment","true","https://myfatoorah.readme.io/docs/woocommerce/","https://wordpress.org/plugins/myfatoorah-woocommerce/","secondary_screen","unknown","unknown","unknown","unknown","unknown"
"321","5","flexible-coupons","Flexible PDF Coupons &#8211; Gift Cards &amp; Vouchers for WooCommerce","wpdesk","2000","2026-06-24 11:44am GMT","18","94","31","1","1","false","","","true","https://www.wpdesk.net/sk/flexible-coupons-free-plugin/","https://wordpress.org/plugins/flexible-coupons/","secondary_screen","unknown","unknown","unknown","unknown","unknown"
"322","5","vitepos-lite","Vitepos – Point of Sale (POS) for WooCommerce","appsbd","2000","2026-06-16 10:40am GMT","26","94","53","1","0","false","","","true","http://appsbd.com","https://wordpress.org/plugins/vitepos-lite/","secondary_screen","unknown","unknown","unknown","unknown","unknown"
"323","5","wpc-badge-management","WPC Badge Management for WooCommerce","WPClever","2000","2026-07-02 2:36pm GMT","10","90","8","1","0","true","","","true","https://wpclever.net/","https://wordpress.org/plugins/wpc-badge-management/","secondary_screen","unknown","unknown","unknown","unknown","unknown"
"324","5","zakeke-interactive-product-designer","Zakeke Interactive Product Designer for WooCommerce","futurenext","2000","2026-07-13 1:54pm GMT","0","94","131","0","0","false","","","true","https://www.zakeke.com/","https://wordpress.org/plugins/zakeke-interactive-product-designer/","secondary_screen","unknown","unknown","unknown","unknown","unknown"
"325","5","wc-cashapp","Checkout with Cash App on WooCommerce","The African Boss","2000","2026-01-28 7:10am GMT","166","88","5","0","0","true","checkout","payment","true","https://theafricanboss.com/cashapp","https://wordpress.org/plugins/wc-cashapp/","secondary_screen","unknown","unknown","unknown","unknown","unknown"
"326","5","disco","Discount Rules for WooCommerce – Disco | Dynamic Pricing, Conditions, Bulk, Bundle, BOGO","WebAppick","2000","2026-07-13 5:12am GMT","0","84","9","1","1","true","","","true","https://webappick.com/","https://wordpress.org/plugins/disco/","secondary_screen","unknown","unknown","unknown","unknown","unknown"
"327","5","real-category-library-lite","Real Category Management: Content Management in Category Folders","Matthias Günter","2000","2026-07-02 5:29am GMT","11","82","17","1","1","false","","","true","https://codecanyon.net/item/wordpress-real-category-management-custom-category-order-tree-view/13580393","https://wordpress.org/plugins/real-category-library-lite/","secondary_screen","unknown","unknown","unknown","unknown","unknown"
"328","5","bit-pi","Bit Flows: AI Agent Automation &amp; Integrations for Forms, CRM, eCommerce, Google Sheets, and More","Bit Apps","2000","2026-07-06 9:15am GMT","7","98","65","1","0","false","","","true","https://bitapps.pro/bit-flows","https://wordpress.org/plugins/bit-pi/","secondary_screen","unknown","unknown","unknown","unknown","unknown"
"329","5","woocommerce-gateway-gocardless","GoCardless for WooCommerce","GoCardless","1000","2026-06-24 4:32pm GMT","18","100","1","2","1","true","","","true","https://www.woocommerce.com/products/gocardless/","https://wordpress.org/plugins/woocommerce-gateway-gocardless/","secondary_screen","unknown","unknown","unknown","unknown","unknown"
"330","5","order-approval-woocommerce","Order Approval for Woocommerce","Sarankumar","1000","2026-07-07 11:32am GMT","5","96","23","1","1","true","order","payment","true","https://sevengits.com/plugin/order-approval-woocommerce-pro/","https://wordpress.org/plugins/order-approval-woocommerce/","secondary_screen","unknown","unknown","unknown","unknown","unknown"
"331","5","music-player-for-woocommerce","Music Player for WooCommerce","codepeople","1000","2026-07-05 5:24pm GMT","7","96","61","1","1","false","","","true","https://wcmp.dwbooster.com","https://wordpress.org/plugins/music-player-for-woocommerce/","secondary_screen","unknown","unknown","unknown","unknown","unknown"
"332","5","products-compare-for-woocommerce","Products Compare for WooCommerce","BeRocket","1000","2026-07-10 2:23pm GMT","2","86","18","1","1","true","","","false","https://wordpress.org/plugins/products-compare-for-woocommerce/","https://wordpress.org/plugins/products-compare-for-woocommerce/","secondary_screen","unknown","unknown","unknown","unknown","unknown"
"333","5","woo-tabbed-category-product-listing","Tabbed Category Product Listing for Woocommerce","QuantumCloud","1000","2026-05-07 11:37am GMT","66","98","28","0","0","false","","","true","https://www.quantumcloud.com/products/","https://wordpress.org/plugins/woo-tabbed-category-product-listing/","secondary_screen","unknown","unknown","unknown","unknown","unknown"
"334","5","woocommerce-digital-signature","Digital Signature Add-on for WooCommerce","approveme","1000","2026-06-30 10:18am GMT","12","62","19","0","0","false","","","true","http://aprv.me/2l9JldC","https://wordpress.org/plugins/woocommerce-digital-signature/","secondary_screen","unknown","unknown","unknown","unknown","unknown"
"335","5","aweos-php-server-info","AWEOS PHP Server Info","AWEOS GmbH","1000","2024-07-18 8:40am GMT","725","100","1","0","0","false","","","false","https://developer.wordpress.org/plugins/aweos-php-server-info/","https://wordpress.org/plugins/aweos-php-server-info/","secondary_screen","unknown","unknown","unknown","unknown","unknown"
"336","5","woo-xml-feed-for-skroutzgr-bestpricegr","Skroutz &amp; Bestprice XML feed for WooCommerce","Papaki (Enartia S.A.)","1000","2026-07-07 10:51am GMT","5","78","11","1","0","false","","","true","https://www.papaki.com","https://wordpress.org/plugins/woo-xml-feed-for-skroutzgr-bestpricegr/","secondary_screen","unknown","unknown","unknown","unknown","unknown"
"337","5","order-status-history-for-woocommerce","Order Status History for WooCommerce","alx359","1000","2026-01-07 5:09pm GMT","186","100","14","0","0","false","order","theme","false","https://wordpress.org/plugins/order-status-history-for-woocommerce","https://wordpress.org/plugins/order-status-history-for-woocommerce/","secondary_screen","unknown","unknown","unknown","unknown","unknown"
"338","5","wp-taxonomy-order","WP Taxonomy Order","nutttaro","1000","2026-05-25 4:58am GMT","49","100","4","2","0","false","order","","false","https://wordpress.org/plugins/wp-taxonomy-order/","https://wordpress.org/plugins/wp-taxonomy-order/","secondary_screen","unknown","unknown","unknown","unknown","unknown"
"339","5","anything-order-by-terms","Anything Order by Terms","briarinc","1000","2026-06-19 9:52am GMT","24","86","6","0","0","false","order","","false","http://wordpress.org/plugins/anything-order-by-terms/","https://wordpress.org/plugins/anything-order-by-terms/","secondary_screen","unknown","unknown","unknown","unknown","unknown"
"340","5","vidshop-for-woocommerce","VidShop – Shoppable Videos for WooCommerce","WPCreatix","1000","2026-07-06 8:59am GMT","7","100","6","0","0","true","","","true","https://wpcreatix.com/","https://wordpress.org/plugins/vidshop-for-woocommerce/","secondary_screen","unknown","unknown","unknown","unknown","unknown"
"341","5","air-wp-sync","Air WP Sync &#8211; Airtable to WordPress","WP connect","1000","2026-07-07 8:12am GMT","6","96","16","0","0","false","","","true","https://wpconnect.co/air-wp-sync-plugin/","https://wordpress.org/plugins/air-wp-sync/","secondary_screen","unknown","unknown","unknown","unknown","unknown"
"342","5","webinar-and-video-conference-with-jitsi-meet","FlexMeeting &#8211; Webinar &amp; Meeting Plugin for Jitsi Meet","WPPOOL","1000","2026-06-30 7:08am GMT","13","90","37","0","0","false","","","true","https://jitsi-meet-wp.wppool.dev/","https://wordpress.org/plugins/webinar-and-video-conference-with-jitsi-meet/","secondary_screen","unknown","unknown","unknown","unknown","unknown"
"343","5","new-order-notification-for-woocommerce","New Order Notification for WooCommerce","Eyup Gulsen","900","2026-06-21 7:48pm GMT","21","88","14","0","0","false","order","","false","","https://wordpress.org/plugins/new-order-notification-for-woocommerce/","secondary_screen","unknown","unknown","unknown","unknown","unknown"
"344","5","wc-order-tracker","Order Tracker for WooCommerce – Track Customer Order","bPlugins","900","2026-05-11 1:39pm GMT","62","86","6","0","0","true","order; shipping; delivery","","false","https://wordpress.org/plugins/wc-order-tracker/","https://wordpress.org/plugins/wc-order-tracker/","secondary_screen","unknown","unknown","unknown","unknown","unknown"
"345","5","purchased-items-column-woocommerce","Purchased Items Column for WooCommerce Orders","pipdig","800","2026-05-30 6:18pm GMT","43","100","9","0","0","true","order","","false","https://wordpress.org/plugins/purchased-items-column-woocommerce/","https://wordpress.org/plugins/purchased-items-column-woocommerce/","secondary_screen","unknown","unknown","unknown","unknown","unknown"
"346","5","wc-order-limit-lite","Order Limit For WooCommerce ( Free Version )","Xfinitysoft","800","2026-06-18 5:26pm GMT","24","84","13","2","0","false","order; checkout","","false","","https://wordpress.org/plugins/wc-order-limit-lite/","secondary_screen","unknown","unknown","unknown","unknown","unknown"
"347","5","wp-lister-for-amazon","WP-Lister Lite for Amazon","WP Lab","800","2026-03-23 6:27am GMT","112","78","22","0","0","false","","","true","https://www.wplab.com/plugins/wp-lister-for-amazon/","https://wordpress.org/plugins/wp-lister-for-amazon/","secondary_screen","unknown","unknown","unknown","unknown","unknown"
"348","5","jsm-show-order-meta","JSM Show Order Metadata for WooCommerce HPOS","JS Morisset","700","2026-06-10 2:17pm GMT","32","100","2","0","0","false","order","","true","https://surniaulula.com/extend/plugins/jsm-show-order-meta/","https://wordpress.org/plugins/jsm-show-order-meta/","secondary_screen","unknown","unknown","unknown","unknown","unknown"
"349","5","xml-feed-for-skroutz-for-woocommerce","XML Feed for Skroutz &amp; BestPrice for WooCommerce","Digital Challenge","600","2026-04-22 11:33am GMT","81","96","16","3","3","true","","","true","https://github.com/Digital-Challenge/xml-feed-for-skroutz-for-woocommerce","https://wordpress.org/plugins/xml-feed-for-skroutz-for-woocommerce/","secondary_screen","unknown","unknown","unknown","unknown","unknown"
"350","5","woo-add-custom-fee","Conditional Fees for WooCommerce Lite","Saad Iqbal","500","2025-01-31 1:01pm GMT","527","86","3","0","0","false","","","true","https://wpexperts.io","https://wordpress.org/plugins/woo-add-custom-fee/","secondary_screen","unknown","unknown","unknown","unknown","unknown"
"351","5","order-list-table-elementor-widget","Order List Table Elementor Widget for Woocommerce","WP Methods","500","2026-01-13 3:10pm GMT","180","74","3","0","0","true","order","elementor","true","https://wpmethods.com/order-list-table-elementor-widget","https://wordpress.org/plugins/order-list-table-elementor-widget/","secondary_screen","unknown","unknown","unknown","unknown","unknown"
"352","5","nip-field-for-woocommerce","NIP Field for WooCommerce","devikit","500","2026-06-19 11:35am GMT","23","100","2","0","0","true","order; checkout","","false","https://wordpress.org/plugins/nip-field-for-woocommerce/","https://wordpress.org/plugins/nip-field-for-woocommerce/","secondary_screen","unknown","unknown","unknown","unknown","unknown"
"353","5","g-ffl-cockpit","g-FFL Cockpit","garidium","500","2026-07-02 10:39pm GMT","10","100","2","0","0","false","order; fulfil; fulfill; inventory","","true","https://garidium.com/g-ffl-cockpit","https://wordpress.org/plugins/g-ffl-cockpit/","secondary_screen","unknown","unknown","unknown","unknown","unknown"
"354","5","spreadr-for-woocomerce","Spreadr Woocommerce Plugin &#8211; Amazon Importer for Dropshipping and Affiliate","spreadr","500","2025-11-07 7:54am GMT","248","54","12","0","0","false","shipping","dropship; affiliate","true","https://spreadr.co/woocommerce","https://wordpress.org/plugins/spreadr-for-woocomerce/","secondary_screen","unknown","unknown","unknown","unknown","unknown"
"355","5","my-auctions-allegro-free-edition","My auctions allegro","wphocus","500","2026-06-18 2:12pm GMT","24","92","22","0","0","false","order; inventory","","false","https://wordpress.org/plugins/my-auctions-allegro-free-edition","https://wordpress.org/plugins/my-auctions-allegro-free-edition/","secondary_screen","unknown","unknown","unknown","unknown","unknown"
"356","5","sellbrite","Sellbrite","GoDaddy","500","2025-04-15 8:04pm GMT","453","100","2","0","0","true","","","false","","https://wordpress.org/plugins/sellbrite/","secondary_screen","unknown","unknown","unknown","unknown","unknown"
"357","5","racar-clear-cart-for-woocommerce","RaCar Clear Cart for WooCommerce","Rafa Carvalhido","400","2026-03-22 7:04pm GMT","112","100","5","0","0","true","","","true","https://github.com/rafacarvalhido/racar-clear-cart-woo","https://wordpress.org/plugins/racar-clear-cart-for-woocommerce/","secondary_screen","unknown","unknown","unknown","unknown","unknown"
"358","5","epeken-all-kurir","Epeken All Kurir for Woocommerce","epeken","400","2026-06-05 7:28am GMT","38","94","24","0","0","false","shipping","","false","https://wordpress.org/plugins/epeken-all-kurir","https://wordpress.org/plugins/epeken-all-kurir/","secondary_screen","unknown","unknown","unknown","unknown","unknown"
"359","5","cloud-printing-for-woocommerce","PrinterCo Automatic Order Printing for WooCommerce","PrinterCo System Ltd","300","2026-02-13 12:07pm GMT","149","100","6","0","0","false","order","","false","","https://wordpress.org/plugins/cloud-printing-for-woocommerce/","secondary_screen","unknown","unknown","unknown","unknown","unknown"
"360","5","wc-order-splitter","Order Splitter for WooCommerce","YoOhw Studio","300","2026-06-14 3:01am GMT","29","100","4","0","0","true","order; return; stock","","false","https://wordpress.org/plugins/wc-order-splitter/","https://wordpress.org/plugins/wc-order-splitter/","secondary_screen","unknown","unknown","unknown","unknown","unknown"
"361","5","display-order-details","Display Order Details","pinal.shah","300","2026-06-06 11:46am GMT","36","100","3","0","0","true","order","","false","","https://wordpress.org/plugins/display-order-details/","secondary_screen","unknown","unknown","unknown","unknown","unknown"
"362","5","woo-epos-now-integration","Integration for Epos Now and WooCommerce","Slynk Digital","300","2026-06-10 3:03pm GMT","32","0","0","0","0","false","order; inventory; stock","","true","https://slynk.io/epos-now-woocommerce-integration/","https://wordpress.org/plugins/woo-epos-now-integration/","secondary_screen","unknown","unknown","unknown","unknown","unknown"
"363","5","woo-mailchimp-crm-perks","Integration for WooCommerce and MailChimp","CRM Perks","200","2025-12-15 4:14pm GMT","209","100","3","0","0","false","","","true","https://www.crmperks.com/plugins/woocommerce-plugins/woocommerce-mailchimp-plugin/","https://wordpress.org/plugins/woo-mailchimp-crm-perks/","secondary_screen","unknown","unknown","unknown","unknown","unknown"
"364","5","woo-shipperhq","ShipperHQ: Shipping &amp; Checkout Experience Solution","shipperhq","200","2026-04-28 9:09am GMT","76","0","0","0","0","false","shipping; checkout","","true","http://www.shipperhq.com","https://wordpress.org/plugins/woo-shipperhq/","secondary_screen","unknown","unknown","unknown","unknown","unknown"
"365","5","variations-radio-buttons-for-woocommerce","Radio Buttons and Swatches for WooCommerce","oneteamsoftware","200","2026-03-04 5:26am GMT","131","100","2","0","0","false","variation","","false","https://wordpress.org/plugins/variations-radio-buttons-for-woocommerce/","https://wordpress.org/plugins/variations-radio-buttons-for-woocommerce/","secondary_screen","unknown","unknown","unknown","unknown","unknown"
"366","5","nextcart-woocommerce-migration","Next-Cart Store to WooCommerce Migration","Martin Nguyen","200","2026-04-01 9:27am GMT","103","100","7","0","0","false","order","","false","","https://wordpress.org/plugins/nextcart-woocommerce-migration/","secondary_screen","unknown","unknown","unknown","unknown","unknown"
"367","5","guest-order-assigner","Guest Order Assigner","Kazmi","200","2026-06-18 2:23pm GMT","24","84","5","1","1","false","order; checkout","","true","https://www.kazverse.com/plugins/guest-order-assigner","https://wordpress.org/plugins/guest-order-assigner/","secondary_screen","unknown","unknown","unknown","unknown","unknown"
"368","5","simple-menu-order-column","Simple Menu Order Column","chillcode","200","2026-06-23 8:29am GMT","20","100","1","1","1","false","order","","true","https://github.com/chillcode/simple-menu-order-column","https://wordpress.org/plugins/simple-menu-order-column/","secondary_screen","unknown","unknown","unknown","unknown","unknown"
"369","5","variation-auto-expire-for-woocommerce","Variation Auto Expire For WooCommerce","yakacj","200","2026-05-24 6:22am GMT","50","100","2","0","0","true","stock; variation","","false","","https://wordpress.org/plugins/variation-auto-expire-for-woocommerce/","secondary_screen","unknown","unknown","unknown","unknown","unknown"
"370","5","duplicate-products-report","Duplicate Products Report for WooCommerce","KosTeams","200","2025-05-27 2:52am GMT","412","100","1","0","0","false","","","true","https://github.com/pro-ks/duplicate-products-report","https://wordpress.org/plugins/duplicate-products-report/","secondary_screen","unknown","unknown","unknown","unknown","unknown"
"371","5","barcode-generator-for-woocommerce","Barcode Generator for WooCommerce – Create &amp; Print Barcodes Easily","Sharabindu","200","2026-05-04 2:09am GMT","70","0","0","0","0","true","inventory","","false","","https://wordpress.org/plugins/barcode-generator-for-woocommerce/","secondary_screen","unknown","unknown","unknown","unknown","unknown"
"372","5","wpsso-google-merchant-feed","WPSSO Google Merchant Feed XML","JS Morisset","200","2026-05-28 1:00pm GMT","45","100","3","0","0","false","inventory","","true","https://wpsso.com/extend/plugins/wpsso-google-merchant-feed/","https://wordpress.org/plugins/wpsso-google-merchant-feed/","secondary_screen","unknown","unknown","unknown","unknown","unknown"
"373","5","product-price-by-formula-for-woocommerce","Product Price by Formula for WooCommerce","ProWCPlugins","100","2025-12-19 7:02am GMT","206","76","15","0","0","false","","","false","https://wordpress.org/plugins/product-price-by-formula-for-woocommerce/","https://wordpress.org/plugins/product-price-by-formula-for-woocommerce/","secondary_screen","unknown","unknown","unknown","unknown","unknown"
"374","5","machool-for-woocommerce","Shipping by Machool","Machool","100","2026-06-10 11:12pm GMT","32","0","0","0","0","false","shipping","","true","https://app.machool.com/","https://wordpress.org/plugins/machool-for-woocommerce/","secondary_screen","unknown","unknown","unknown","unknown","unknown"
"375","5","autoglot","Automatic Multilingual Translation by Autoglot","Autoglot","100","2026-07-06 2:44pm GMT","6","100","1","1","1","false","subscription","","true","https://autoglot.com/download/","https://wordpress.org/plugins/autoglot/","secondary_screen","unknown","unknown","unknown","unknown","unknown"
"376","5","w2s-sync","W2S Sync – WooCommerce to Shopify Sync","Smackcoders Inc.,","100","2026-07-10 2:54pm GMT","2","20","1","0","0","false","order; inventory","","true","https://www.smackcoders.com/","https://wordpress.org/plugins/w2s-sync/","secondary_screen","unknown","unknown","unknown","unknown","unknown"
"377","5","order-notifications-for-woocommerce","Order &amp; Abandoned Cart Notifications for WooCommerce","WANotifier","100","2026-06-22 8:22am GMT","21","100","4","0","0","true","order","","false","https://wordpress.org/plugins/order-notifications-for-woocommerce/","https://wordpress.org/plugins/order-notifications-for-woocommerce/","secondary_screen","unknown","unknown","unknown","unknown","unknown"
"378","5","shipped-order-in-woo","Shipped Order in Woo","Radixweb","100","2026-02-16 1:35pm GMT","146","100","2","0","0","false","order","","false","https://wordpress.org/plugins/shipped-order-in-woo/","https://wordpress.org/plugins/shipped-order-in-woo/","secondary_screen","unknown","unknown","unknown","unknown","unknown"
"379","5","sales-counter-for-woocommerce","Sales Counter For WooCommerce","Themepoints","100","2026-06-21 5:55am GMT","22","100","1","0","0","false","stock","","true","https://themepoints.com/salescounter/","https://wordpress.org/plugins/sales-counter-for-woocommerce/","secondary_screen","unknown","unknown","unknown","unknown","unknown"
"380","5","precious-metals-automated-product-pricing-pro","Precious Metals Product Prices for WooCommerce","nfusionsolutions","100","2026-04-23 11:07pm GMT","80","100","5","0","0","true","order","","false","","https://wordpress.org/plugins/precious-metals-automated-product-pricing-pro/","secondary_screen","unknown","unknown","unknown","unknown","unknown"
"381","5","mipl-wc-multisite-sync","MIPL Multistore Sync for WooCommerce. Sync Products, Stock and Orders.","Mulika Team","100","2026-06-30 1:06pm GMT","12","88","7","0","0","true","order; stock","","false","https://wordpress.org/plugins/mipl-wc-multisite-sync","https://wordpress.org/plugins/mipl-wc-multisite-sync/","secondary_screen","unknown","unknown","unknown","unknown","unknown"
"382","5","archive-master","ArchiveMaster &#8211; Auto Archive and Export Old Orders for WooCommerce","WPPOOL","100","2026-07-09 7:00am GMT","4","100","4","0","0","false","order","","true","https://archivemaster.pro/","https://wordpress.org/plugins/archive-master/","secondary_screen","unknown","unknown","unknown","unknown","unknown"
"383","5","printcart-integration","Printcart Web to Print Product Designer for WooCommerce","David","100","2026-07-02 7:38am GMT","11","82","12","0","0","true","","","true","https://printcart.com","https://wordpress.org/plugins/printcart-integration/","secondary_screen","unknown","unknown","unknown","unknown","unknown"
"384","5","default-quantity-for-woocommerce","Default Quantity for WooCommerce","Mohiuddin Abdul Kader","100","2025-05-06 6:39am GMT","433","60","4","0","0","true","","","false","https://wordpress.org/plugins/default-quantity-for-woocommerce","https://wordpress.org/plugins/default-quantity-for-woocommerce/","secondary_screen","unknown","unknown","unknown","unknown","unknown"
"385","5","manual-order","Manual Order For WooCommerce","Coders Time Team","90","2025-05-05 9:35am GMT","434","100","3","0","0","true","order; inventory","","false","https://wordpress.org/plugins/manual-order/","https://wordpress.org/plugins/manual-order/","secondary_screen","unknown","unknown","unknown","unknown","unknown"
"386","5","order-picking-for-woocommerce","Order Picking For WooCommerce","powerfulwp","70","2025-05-17 1:37pm GMT","421","70","4","0","0","false","order; fulfil; fulfill; delivery","","true","https://powerfulwp.com/order-picking-for-woocommerce","https://wordpress.org/plugins/order-picking-for-woocommerce/","secondary_screen","unknown","unknown","unknown","unknown","unknown"
"387","5","kanban-for-woocommerce","Kanban for WooCommerce","Nitin Prakash","40","2026-02-09 9:16am GMT","154","100","1","1","1","true","order","","true","https://neebplugins.com/plugin/kanban-for-woocommerce","https://wordpress.org/plugins/kanban-for-woocommerce/","secondary_screen","unknown","unknown","unknown","unknown","unknown"
"388","5","pickingpal-for-woocommerce","PickingPal Lite for WooCommerce","rtddev","40","2026-03-17 11:37am GMT","117","100","1","0","0","true","order; shipping","","true","https://pickingpal.com","https://wordpress.org/plugins/pickingpal-for-woocommerce/","secondary_screen","unknown","unknown","unknown","unknown","unknown"
"389","5","integrate-woocommerce-with-vend","Integrate WooCommerce with Lightspeed (Vend)","sujith222","40","2025-08-02 10:02pm GMT","344","100","5","0","0","false","inventory","","true","https://sujith123.wufoo.com/forms/z1xchp690scddy2/","https://wordpress.org/plugins/integrate-woocommerce-with-vend/","secondary_screen","unknown","unknown","unknown","unknown","unknown"
"390","5","integration-by-disconnect-discogs","Disconnect: Complete Inventory &amp; Order Management tool for Discogs Sellers","disconnect11","40","2025-12-03 12:08pm GMT","221","0","0","0","0","true","order; inventory","","false","","https://wordpress.org/plugins/integration-by-disconnect-discogs/","secondary_screen","unknown","unknown","unknown","unknown","unknown"
"391","5","orders-sync-to-airtable-for-woocommerce","Orders Sync to Airtable for WooCommerce","WP connect","30","2025-11-25 3:00pm GMT","229","100","1","0","0","true","order","","false","https://wordpress.org/plugins/orders-sync-to-airtable-for-woocommerce/","https://wordpress.org/plugins/orders-sync-to-airtable-for-woocommerce/","secondary_screen","unknown","unknown","unknown","unknown","unknown"
"392","5","hge-zone-de-livrare-pentru-fan-courier-romania","HgE: Shipping Zones for FAN Courier Romania","hge321","20","2026-03-02 1:34pm GMT","132","100","1","0","0","true","shipping","","true","https://github.com/strictly4U/Zone-de-livrare-pentru-Fan-Courier-Romania.git","https://wordpress.org/plugins/hge-zone-de-livrare-pentru-fan-courier-romania/","secondary_screen","unknown","unknown","unknown","unknown","unknown"
"393","5","easy-inventory-and-stock-manager","Easy Inventory And Stock Manager","Smackcoders Inc.,","20","2025-08-26 12:38pm GMT","320","0","0","0","0","false","inventory; stock","","true","https://www.smackcoders.com/","https://wordpress.org/plugins/easy-inventory-and-stock-manager/","secondary_screen","unknown","unknown","unknown","unknown","unknown"
"394","5","better-recurring-coupons","Better Recurring Coupons","Kylen Downs","10","2025-01-08 7:36pm GMT","550","0","0","0","0","true","subscription","","false","","https://wordpress.org/plugins/better-recurring-coupons/","secondary_screen","unknown","unknown","unknown","unknown","unknown"
"395","5","shipping-envia-colvanes-woo","Shipping Envia Colvanes Woo","Saul Morales Pacheco","10","2025-08-13 9:23pm GMT","333","0","0","0","0","true","shipping","","false","","https://wordpress.org/plugins/shipping-envia-colvanes-woo/","secondary_screen","unknown","unknown","unknown","unknown","unknown"
"396","5","psupsellmaster","UpsellMaster – Upsells and Cross Sell Everywhere for WooCommerce and Easy Digital Downloads (EDD)","Plugins and Snippets","10","2025-04-16 4:53pm GMT","452","84","5","0","0","false","order","","true","https://www.pluginsandsnippets.com/downloads/upsellmaster/","https://wordpress.org/plugins/psupsellmaster/","secondary_screen","unknown","unknown","unknown","unknown","unknown"
"397","5","stock-display-in-admin-order","Stock Display in Admin Order","bolovocode","10","2023-10-19 8:52pm GMT","997","0","0","0","0","false","order; stock","","true","https://bolovocode.com/stock-display-in-admin-order","https://wordpress.org/plugins/stock-display-in-admin-order/","secondary_screen","unknown","unknown","unknown","unknown","unknown"
"398","5","features-for-woocommerce","Features for WooCommerce","AcrossWP","10","2023-10-19 8:00am GMT","998","0","0","0","0","false","checkout","","true","https://acrosswp.com/","https://wordpress.org/plugins/features-for-woocommerce/","secondary_screen","unknown","unknown","unknown","unknown","unknown"
"399","5","gift-message-for-woo","Gift Message for Woo","Prashant Baldha","0","2025-08-05 2:22pm GMT","341","0","0","0","0","true","order; checkout","","false","","https://wordpress.org/plugins/gift-message-for-woo/","secondary_screen","unknown","unknown","unknown","unknown","unknown"
"400","5","shipping-deprisa-woo","Shipping Deprisa Woo","Saul Morales Pacheco","0","2025-05-13 12:54am GMT","426","0","0","0","0","true","shipping","","false","","https://wordpress.org/plugins/shipping-deprisa-woo/","secondary_screen","unknown","unknown","unknown","unknown","unknown"
"401","5","next-wc-orders","Next Orders for WooCommerce","nxtweb","0","2025-05-13 4:14pm GMT","425","0","0","0","0","false","order","","true","https://nxt-web.com/plugins/next-wc-orders/","https://wordpress.org/plugins/next-wc-orders/","secondary_screen","unknown","unknown","unknown","unknown","unknown"
"402","4","post-types-order","Post Types Order","nsp-code","600000","2026-06-18 10:50am GMT","24","90","296","4","3","false","order","","true","http://www.nsp-code.com","https://wordpress.org/plugins/post-types-order/","reject_or_low_priority","unknown","unknown","unknown","unknown","unknown"
"403","4","taxonomy-terms-order","Category Order and Taxonomy Terms Order","nsp-code","500000","2026-05-20 6:50am GMT","54","90","162","2","0","false","order","","true","http://www.nsp-code.com","https://wordpress.org/plugins/taxonomy-terms-order/","reject_or_low_priority","unknown","unknown","unknown","unknown","unknown"
"404","4","woo-variation-swatches","Variation Swatches for WooCommerce","Emran Ahmed","300000","2026-06-08 3:47pm GMT","34","96","917","5","3","true","variation","","false","https://wordpress.org/plugins/woo-variation-swatches/","https://wordpress.org/plugins/woo-variation-swatches/","reject_or_low_priority","unknown","unknown","unknown","unknown","unknown"
"405","4","cartflows","CartFlows – Funnel Builder &amp; Checkout Plugin for WooCommerce","Brainstorm Force","200000","2026-07-09 11:46am GMT","3","96","498","1","1","false","order; checkout","","true","https://cartflows.com/","https://wordpress.org/plugins/cartflows/","reject_or_low_priority","unknown","unknown","unknown","unknown","unknown"
"406","4","variation-swatches-woo","Variation Swatches for WooCommerce – Color, Image &amp; Size Swatches","Brainstorm Force","200000","2026-03-10 6:02am GMT","125","92","46","2","1","false","variation","","false","","https://wordpress.org/plugins/variation-swatches-woo/","reject_or_low_priority","unknown","unknown","unknown","unknown","unknown"
"407","4","flexible-shipping","Weight Based Shipping Table Rate for WooCommerce – Flexible Shipping","Octolize Shipping Plugins","100000","2026-07-01 2:01pm GMT","11","98","702","5","5","false","order; shipping; checkout","","false","https://wordpress.org/plugins/flexible-shipping/","https://wordpress.org/plugins/flexible-shipping/","reject_or_low_priority","unknown","unknown","unknown","unknown","unknown"
"408","4","ajax-search-for-woocommerce","FiboSearch &#8211; Ajax Search for WooCommerce","Damian Góra","100000","2026-04-28 9:35am GMT","76","98","1813","3","0","true","","","true","https://fibosearch.com?utm_source=wp-admin&utm_medium=referral&utm_campaign=author_uri&utm_gen=utmdc","https://wordpress.org/plugins/ajax-search-for-woocommerce/","reject_or_low_priority","unknown","unknown","unknown","unknown","unknown"
"409","4","woo-order-export-lite","Advanced Order Export For WooCommerce","algol.plus","100000","2026-06-08 4:38am GMT","35","100","350","2","1","false","order","","false","","https://wordpress.org/plugins/woo-order-export-lite/","reject_or_low_priority","unknown","unknown","unknown","unknown","unknown"
"410","4","woo-smart-wishlist","WPC Smart Wishlist for WooCommerce","WPClever","100000","2026-07-13 3:40am GMT","0","96","34","2","1","true","","","true","https://wpclever.net/","https://wordpress.org/plugins/woo-smart-wishlist/","reject_or_low_priority","unknown","unknown","unknown","unknown","unknown"
"411","4","woo-discount-rules","Discount Rules for WooCommerce","flycart","100000","2026-05-28 11:29am GMT","45","96","1326","3","0","true","","","true","https://www.flycart.org","https://wordpress.org/plugins/woo-discount-rules/","reject_or_low_priority","unknown","unknown","unknown","unknown","unknown"
"412","4","woocommerce-products-filter","HUSKY &#8211; Products Filter Professional for WooCommerce","RealMag777","90000","2026-07-10 2:31pm GMT","2","92","335","1","1","true","","","true","https://products-filter.com/","https://wordpress.org/plugins/woocommerce-products-filter/","reject_or_low_priority","unknown","unknown","unknown","unknown","unknown"
"413","4","advanced-woo-search","Advanced Woo Search &#8211; Product Search for WooCommerce","ILLID","70000","2026-07-13 1:20pm GMT","0","96","246","3","2","true","","","true","https://advanced-woo-search.com/","https://wordpress.org/plugins/advanced-woo-search/","reject_or_low_priority","unknown","unknown","unknown","unknown","unknown"
"414","4","weight-based-shipping-for-woocommerce","Weight Based Shipping for WooCommerce","Dan","60000","2026-06-19 11:17am GMT","23","92","83","4","3","false","shipping","","false","https://wordpress.org/plugins/weight-based-shipping-for-woocommerce/","https://wordpress.org/plugins/weight-based-shipping-for-woocommerce/","reject_or_low_priority","unknown","unknown","unknown","unknown","unknown"
"415","4","advanced-product-fields-for-woocommerce","Advanced Product Fields (Product Addons) for WooCommerce","Maarten B","50000","2026-06-27 6:15pm GMT","15","96","281","8","8","false","","","true","https://www.studiowombat.com/plugin/advanced-product-fields-for-woocommerce/?utm_source=apffree&utm_medium=plugin&utm_campaign=plugins","https://wordpress.org/plugins/advanced-product-fields-for-woocommerce/","reject_or_low_priority","unknown","unknown","unknown","unknown","unknown"
"416","4","yaymail","YayMail &#8211; WooCommerce Email Customizer","YayCommerce","50000","2026-06-22 6:35am GMT","21","96","290","5","4","false","","","true","https://yaycommerce.com/yaymail-woocommerce-email-customizer/","https://wordpress.org/plugins/yaymail/","reject_or_low_priority","unknown","unknown","unknown","unknown","unknown"
"417","4","export-all-urls","Export All URLs","Atlas Gondal","50000","2026-06-25 5:27am GMT","18","92","94","0","0","false","","","true","https://AtlasGondal.com/","https://wordpress.org/plugins/export-all-urls/","reject_or_low_priority","unknown","unknown","unknown","unknown","unknown"
"418","4","perfect-woocommerce-brands","Perfect Brands for WooCommerce","quadlayers","40000","2026-06-28 10:08pm GMT","14","94","415","1","1","false","","","true","https://quadlayers.com/products/perfect-woocommerce-brands/","https://wordpress.org/plugins/perfect-woocommerce-brands/","reject_or_low_priority","unknown","unknown","unknown","unknown","unknown"
"419","4","easy-login-woocommerce","Login &amp; Register Forms – Popup | Slider | Inline | WooCommerce","xootix","40000","2026-07-13 3:40pm GMT","0","96","253","1","1","false","","","true","https://xootix.com/easy-login-for-woocommerce","https://wordpress.org/plugins/easy-login-woocommerce/","reject_or_low_priority","unknown","unknown","unknown","unknown","unknown"
"420","4","live-sales-notifications-for-woocommerce","PiWeb Live sales notification for WooCommerce","PI Web Solution","30000","2026-07-02 11:56am GMT","10","82","29","0","0","false","","","true","https://www.piwebsolution.com/user-documentation-live-sales-notification-for-woocommerce/","https://wordpress.org/plugins/live-sales-notifications-for-woocommerce/","reject_or_low_priority","unknown","unknown","unknown","unknown","unknown"
"421","4","woo-custom-product-addons","Product Addons for Woocommerce &#8211; Product Options with Custom Fields","acowebs","30000","2026-07-01 11:26am GMT","11","98","466","2","2","false","","","true","https://acowebs.com","https://wordpress.org/plugins/woo-custom-product-addons/","reject_or_low_priority","unknown","unknown","unknown","unknown","unknown"
"422","4","woocommerce-product-price-based-on-countries","Price Based on Country for WooCommerce","Oscar Gare","20000","2026-05-14 9:59am GMT","60","96","262","3","3","false","","","false","https://wordpress.org/plugins/woocommerce-product-price-based-on-countries/","https://wordpress.org/plugins/woocommerce-product-price-based-on-countries/","reject_or_low_priority","unknown","unknown","unknown","unknown","unknown"
"423","4","advanced-dynamic-pricing-for-woocommerce","Advanced Dynamic Pricing and Discount Rules for WooCommerce","algol.plus","20000","2026-06-08 6:58am GMT","35","94","119","5","1","false","","","false","","https://wordpress.org/plugins/advanced-dynamic-pricing-for-woocommerce/","reject_or_low_priority","unknown","unknown","unknown","unknown","unknown"
"424","4","custom-order-numbers-for-woocommerce","Custom Order Numbers for WooCommerce","tychesoftwares","20000","2026-06-24 6:44am GMT","19","84","25","3","0","true","order","","true","https://www.tychesoftwares.com/store/premium-plugins/custom-order-numbers-woocommerce/","https://wordpress.org/plugins/custom-order-numbers-for-woocommerce/","reject_or_low_priority","unknown","unknown","unknown","unknown","unknown"
"425","4","yith-woocommerce-product-add-ons","YITH WooCommerce Product Add-Ons","YITHEMES","20000","2026-06-15 11:04am GMT","27","74","57","2","0","true","order","","true","https://yithemes.com/themes/plugins/yith-woocommerce-product-add-ons/","https://wordpress.org/plugins/yith-woocommerce-product-add-ons/","reject_or_low_priority","unknown","unknown","unknown","unknown","unknown"
"426","4","email-templates","Email Templates Customizer and Designer for WordPress and WooCommerce","Saad Iqbal","20000","2026-06-18 3:02pm GMT","24","92","133","3","2","false","","","false","http://wordpress.org/plugins/email-templates","https://wordpress.org/plugins/email-templates/","reject_or_low_priority","unknown","unknown","unknown","unknown","unknown"
"427","4","nd-shortcodes","ND Shortcodes","nicdark","20000","2025-03-18 11:08am GMT","481","66","13","0","0","false","","elementor","true","https://nicdark.com","https://wordpress.org/plugins/nd-shortcodes/","reject_or_low_priority","unknown","unknown","unknown","unknown","unknown"
"428","4","wp-user-frontend","User Frontend: AI Powered Frontend Posting, User Directory, Profile Builder, Membership &amp; User Registration","weDevs","20000","2026-07-03 5:40am GMT","10","82","532","1","0","false","","","false","https://wordpress.org/plugins/wp-user-frontend/","https://wordpress.org/plugins/wp-user-frontend/","reject_or_low_priority","unknown","unknown","unknown","unknown","unknown"
"429","4","woocommerce-for-japan","Japanized for WooCommerce","shohei.tanaka","10000","2026-07-08 5:50am GMT","5","66","21","7","6","true","delivery","payment","false","https://wordpress.org/plugins/woocommerce-for-japan/","https://wordpress.org/plugins/woocommerce-for-japan/","reject_or_low_priority","unknown","unknown","unknown","unknown","unknown"
"430","4","woo-paypal-gateway","Payment Gateway for PayPal on WooCommerce","Easy Payment","10000","2026-07-12 2:51am GMT","1","88","73","8","6","true","checkout","payment; paypal","false","https://profiles.wordpress.org/easypayment","https://wordpress.org/plugins/woo-paypal-gateway/","reject_or_low_priority","unknown","unknown","unknown","unknown","unknown"
"431","4","woocommerce-product-tabs","Product Tabs for WooCommerce","Barn2 Plugins","10000","2025-12-08 5:14pm GMT","216","94","70","1","1","true","","","true","https://barn2.com/wordpress-plugins/woocommerce-product-tabs/","https://wordpress.org/plugins/woocommerce-product-tabs/","reject_or_low_priority","unknown","unknown","unknown","unknown","unknown"
"432","4","montonio-for-woocommerce","Montonio for WooCommerce","Montonio","10000","2026-06-18 8:12am GMT","25","100","8","0","0","true","shipping; checkout","payment","true","https://www.montonio.com","https://wordpress.org/plugins/montonio-for-woocommerce/","reject_or_low_priority","unknown","unknown","unknown","unknown","unknown"
"433","4","order-delivery-date-for-woocommerce","Order Delivery Date for WooCommerce","tychesoftwares","10000","2026-07-13 9:46am GMT","0","86","62","2","1","true","order; delivery; checkout","","true","https://www.tychesoftwares.com/store/premium-plugins/order-delivery-date-for-woocommerce-pro-21/","https://wordpress.org/plugins/order-delivery-date-for-woocommerce/","reject_or_low_priority","unknown","unknown","unknown","unknown","unknown"
"434","4","klarna-order-management-for-woocommerce","Klarna Order Management for WooCommerce","Klarna","10000","2026-02-23 10:34am GMT","139","100","1","0","0","false","order; checkout; purchase order","payment","true","https://krokedil.se/klarna/","https://wordpress.org/plugins/klarna-order-management-for-woocommerce/","reject_or_low_priority","unknown","unknown","unknown","unknown","unknown"
"435","4","ean-for-woocommerce","EAN Barcode Generator for WooCommerce: UPC, ISBN &amp; GTIN Inventory","WPFactory","10000","2026-07-11 12:13pm GMT","1","98","55","1","0","true","inventory","","true","https://wpfactory.com/item/ean-for-woocommerce/","https://wordpress.org/plugins/ean-for-woocommerce/","reject_or_low_priority","unknown","unknown","unknown","unknown","unknown"
"436","4","custom-order-statuses-woocommerce","Custom Order Status for WooCommerce","tychesoftwares","10000","2026-06-30 6:45am GMT","13","66","32","1","0","true","order","","true","https://www.tychesoftwares.com/store/premium-plugins/custom-order-status-woocommerce/","https://wordpress.org/plugins/custom-order-statuses-woocommerce/","reject_or_low_priority","unknown","unknown","unknown","unknown","unknown"
"437","4","klarna-checkout-for-woocommerce","Kustom Checkout for WooCommerce","Kustom Checkout","10000","2026-06-29 1:12pm GMT","13","70","15","1","0","false","return; checkout","payment","true","https://krokedil.com/kustom/","https://wordpress.org/plugins/klarna-checkout-for-woocommerce/","reject_or_low_priority","unknown","unknown","unknown","unknown","unknown"
"438","4","motopress-hotel-booking-lite","MotoPress Hotel Booking","jetmonsters","10000","2026-07-06 8:17am GMT","7","74","65","1","0","false","booking; rental","payment","true","https://motopress.com/products/hotel-booking/","https://wordpress.org/plugins/motopress-hotel-booking-lite/","reject_or_low_priority","unknown","unknown","unknown","unknown","unknown"
"439","4","product-variation-swatches-for-woocommerce","Variation Swatches for WooCommerce","ThemeHigh","9000","2026-06-08 5:23am GMT","35","98","85","0","0","true","variation","","true","https://themehigh.com/product/woocommerce-product-variation-swatches","https://wordpress.org/plugins/product-variation-swatches-for-woocommerce/","reject_or_low_priority","unknown","unknown","unknown","unknown","unknown"
"440","4","custom-payment-gateways-woocommerce","Custom Payment Gateways for WooCommerce","Dhruvin","9000","2026-06-19 7:14am GMT","24","76","20","0","0","false","checkout","payment","true","https://imaginate-solutions.com/downloads/custom-payment-gateways-for-woocommerce/","https://wordpress.org/plugins/custom-payment-gateways-woocommerce/","reject_or_low_priority","unknown","unknown","unknown","unknown","unknown"
"441","4","smart-wishlist-for-more-convert","MoreConvert Wishlist for WooCommerce","Moreconvert Team","9000","2026-07-07 6:54pm GMT","5","98","120","1","1","false","stock","marketing; elementor","true","https://moreconvert.com/smart-wishlist-for-more-convert","https://wordpress.org/plugins/smart-wishlist-for-more-convert/","reject_or_low_priority","unknown","unknown","unknown","unknown","unknown"
"442","4","permalink-manager-for-woocommerce","Permalink Manager for WooCommerce","BeRocket","8000","2026-07-08 9:25am GMT","5","98","26","2","1","false","","","false","https://wordpress.org/plugins/permalink-manager-for-woocommerce/","https://wordpress.org/plugins/permalink-manager-for-woocommerce/","reject_or_low_priority","unknown","unknown","unknown","unknown","unknown"
"443","4","woocommerce-call-for-price","Call for Price for WooCommerce","tychesoftwares","8000","2026-07-13 5:51am GMT","0","78","27","1","1","true","quote","","true","https://www.tychesoftwares.com/store/premium-plugins/woocommerce-call-for-price-plugin/","https://wordpress.org/plugins/woocommerce-call-for-price/","reject_or_low_priority","unknown","unknown","unknown","unknown","unknown"
"444","4","counter-visitor-for-woocommerce","Counter live visitors for WooCommerce","DanielRiera","7000","2026-03-15 1:02am GMT","120","100","5","0","0","false","","","false","","https://wordpress.org/plugins/counter-visitor-for-woocommerce/","reject_or_low_priority","unknown","unknown","unknown","unknown","unknown"
"445","4","yith-woocommerce-order-tracking","YITH WooCommerce Order &amp; Shipment Tracking","YITHEMES","7000","2026-06-16 10:33am GMT","26","74","15","0","0","true","order; shipment; shipping; delivery","","true","https://yithemes.com/themes/plugins/yith-woocommerce-order-tracking/","https://wordpress.org/plugins/yith-woocommerce-order-tracking/","reject_or_low_priority","unknown","unknown","unknown","unknown","unknown"
"446","4","get-a-quote-button-for-woocommerce","Request a Quote for WooCommerce &#8211; Get a Quote Button","WPBean","6000","2026-07-10 7:53am GMT","3","100","24","0","0","false","quote","elementor","true","https://wpbean.com/downloads/get-a-quote-button-pro-for-woocommerce-and-elementor/","https://wordpress.org/plugins/get-a-quote-button-for-woocommerce/","reject_or_low_priority","unknown","unknown","unknown","unknown","unknown"
"447","4","ibtana-ecommerce-product-addons","Ibtana &#8211; Ecommerce Product Addons","VW THEMES","6000","2026-06-26 12:08pm GMT","16","100","4","0","0","false","","","true","https://www.vwthemes.com/products/free-woocommerce-product-add-ons/","https://wordpress.org/plugins/ibtana-ecommerce-product-addons/","reject_or_low_priority","unknown","unknown","unknown","unknown","unknown"
"448","4","yith-pre-order-for-woocommerce","YITH Pre-Order for WooCommerce","YITHEMES","6000","2026-06-22 3:28pm GMT","20","62","16","0","0","true","order","","true","https://yithemes.com/themes/plugins/yith-woocommerce-pre-order","https://wordpress.org/plugins/yith-pre-order-for-woocommerce/","reject_or_low_priority","unknown","unknown","unknown","unknown","unknown"
"449","4","product-sales-report-for-woocommerce","Ninjalytics: Sales Reports &amp; Order Export for WooCommerce and EDD","BerryPress","6000","2026-07-07 3:44pm GMT","5","88","57","0","0","false","order; fulfil; fulfill","analytics","true","https://berrypress.com/product/woocommerce/ninjalytics/?utm_campaign=wordpressorg&source=ninjalytics-free-plugin","https://wordpress.org/plugins/product-sales-report-for-woocommerce/","reject_or_low_priority","unknown","unknown","unknown","unknown","unknown"
"450","4","ry-woocommerce-tools","RY Tools for WooCommerce","Richer Yang","5000","2026-06-24 1:19pm GMT","18","100","8","0","0","true","shipping","payment","true","https://ry-plugin.com/ry-woocommerce-tools","https://wordpress.org/plugins/ry-woocommerce-tools/","reject_or_low_priority","unknown","unknown","unknown","unknown","unknown"
"451","4","wpify-woo","WPify Woo &#8211; Withdrawal, CRN/VAT, QR payments, Heureka and more for WooCommerce","WPify","5000","2026-07-10 7:36am GMT","3","98","49","9","7","true","delivery","payment","false","","https://wordpress.org/plugins/wpify-woo/","reject_or_low_priority","unknown","unknown","unknown","unknown","unknown"
"452","4","woo-instamojo","Instamojo for WooCommerce","Instamojo","5000","2024-05-06 8:03am GMT","798","62","13","0","0","false","","payment","true","http://www.instamojo.com","https://wordpress.org/plugins/woo-instamojo/","reject_or_low_priority","unknown","unknown","unknown","unknown","unknown"
"453","4","datafeedr-woocommerce-importer","Datafeedr WooCommerce Importer","datafeedr","5000","2024-11-08 7:29pm GMT","611","96","38","0","0","false","","affiliate","true","https://www.datafeedr.com","https://wordpress.org/plugins/datafeedr-woocommerce-importer/","reject_or_low_priority","unknown","unknown","unknown","unknown","unknown"
"454","4","quotes-for-woocommerce","Quotes for WooCommerce","pinal.shah","4000","2026-06-16 9:13am GMT","27","92","61","2","2","true","checkout; quote","payment","false","","https://wordpress.org/plugins/quotes-for-woocommerce/","reject_or_low_priority","unknown","unknown","unknown","unknown","unknown"
"455","4","woocommerce-quickpay","Quickpay for WooCommerce","PerfectSolution","4000","2026-05-16 11:39am GMT","57","96","12","3","1","true","subscription","payment","false","http://wordpress.org/plugins/woocommerce-quickpay/","https://wordpress.org/plugins/woocommerce-quickpay/","reject_or_low_priority","unknown","unknown","unknown","unknown","unknown"
"456","4","coinbase-commerce","Coinbase Commerce Payment Gateway for WooCommerce","Coinbase Commerce","4000","2024-05-31 2:25am GMT","773","60","17","0","0","false","","payment; crypto","true","https://github.com/coinbase/coinbase-commerce-woocommerce/","https://wordpress.org/plugins/coinbase-commerce/","reject_or_low_priority","unknown","unknown","unknown","unknown","unknown"
"457","4","custom-price-for-woocommerce","Custom Price for WooCommerce","wpdesk","3000","2026-07-06 12:00pm GMT","6","84","5","1","0","false","","","true","https://wpdesk.net/sk/custom-price-pl","https://wordpress.org/plugins/custom-price-for-woocommerce/","reject_or_low_priority","unknown","unknown","unknown","unknown","unknown"
"458","4","seo-image-optimizer","Image Optimization For SEO","Weblizar - WordPress Themes Plugin","3000","2026-06-13 11:39am GMT","29","74","12","0","0","false","","","false","https://wordpress.org/plugins/seo-image-optimizer/","https://wordpress.org/plugins/seo-image-optimizer/","reject_or_low_priority","unknown","unknown","unknown","unknown","unknown"
"459","4","woo-custom-gateway","Custom Payment Gateways for WooCommerce","Richard Muvirimi","3000","2026-02-19 6:24pm GMT","143","100","28","0","0","true","","payment","true","https://github.com/richard-muvirimi/wp-plugin-woo-custom-gateway","https://wordpress.org/plugins/woo-custom-gateway/","reject_or_low_priority","unknown","unknown","unknown","unknown","unknown"
"460","4","makecommerce","MakeCommerce for WooCommerce","MakeCommerce.net","3000","2026-06-04 7:30am GMT","39","72","8","1","0","true","shipping","payment","true","https://makecommerce.net/","https://wordpress.org/plugins/makecommerce/","reject_or_low_priority","unknown","unknown","unknown","unknown","unknown"
"461","4","element-ready-lite","ElementsReady Addons for Elementor","quomodosoft","3000","2025-07-31 10:41am GMT","346","96","20","0","0","false","","elementor","true","https://elementsready.com","https://wordpress.org/plugins/element-ready-lite/","reject_or_low_priority","unknown","unknown","unknown","unknown","unknown"
"462","4","yaypricing","YayPricing &#8211; WooCommerce Dynamic Pricing &amp; Discounts","YayCommerce","3000","2026-05-18 5:17pm GMT","55","100","70","1","1","false","","","false","https://wordpress.org/plugins/yaypricing/","https://wordpress.org/plugins/yaypricing/","reject_or_low_priority","unknown","unknown","unknown","unknown","unknown"
"463","4","table-builder-block","TableKit: Table Builder Blocks for Gutenberg","Roxnor","3000","2026-05-18 9:46am GMT","56","100","3","0","0","false","","","true","https://wpmet.com/plugin/gutenkit/","https://wordpress.org/plugins/table-builder-block/","reject_or_low_priority","unknown","unknown","unknown","unknown","unknown"
"464","4","conditional-extra-fees-for-woocommerce","PiWeb Conditional cart fee / Extra charge rule for WooCommerce","PI Web Solution","2000","2026-06-30 12:04pm GMT","12","98","38","1","1","false","checkout","payment","true","https://www.piwebsolution.com/product/conditional-cart-fee-extra-charge-rule-for-woocommerce-extra-fees-pro/","https://wordpress.org/plugins/conditional-extra-fees-for-woocommerce/","reject_or_low_priority","unknown","unknown","unknown","unknown","unknown"
"465","4","waterwoo-pdf","PDF Ink Lite &#8211; Free PDF Watermark &amp; Password Protection","Canyon Webworks","2000","2026-05-29 5:18pm GMT","44","92","50","4","2","false","","","false","https://wordpress.org/plugins/waterwoo-pdf/","https://wordpress.org/plugins/waterwoo-pdf/","reject_or_low_priority","unknown","unknown","unknown","unknown","unknown"
"466","4","migrate-to-liquidweb","Migrate To Liquid Web &amp; Nexcess","Liquid Web","2000","2026-04-20 6:41am GMT","84","80","7","0","0","false","","","true","https://www.liquidweb.com","https://wordpress.org/plugins/migrate-to-liquidweb/","reject_or_low_priority","unknown","unknown","unknown","unknown","unknown"
"467","4","currency-per-product-for-woocommerce","Currency per Product for WooCommerce","tychesoftwares","2000","2026-06-25 10:33am GMT","17","82","17","0","0","true","checkout","","true","https://www.tychesoftwares.com/store/premium-plugins/currency-per-product-for-woocommerce","https://wordpress.org/plugins/currency-per-product-for-woocommerce/","reject_or_low_priority","unknown","unknown","unknown","unknown","unknown"
"468","4","flexible-quantity-measurement-price-calculator-for-woocommerce","Flexible Quantity &#8211; Measurement Price Calculator for WooCommerce","wpdesk","2000","2026-07-06 1:29pm GMT","6","86","9","0","0","false","","","true","https://wpdesk.net/sk/flexible-quantity-measurement-price-calculator-for-woocommerce-plugin","https://wordpress.org/plugins/flexible-quantity-measurement-price-calculator-for-woocommerce/","reject_or_low_priority","unknown","unknown","unknown","unknown","unknown"
"469","4","litcommerce","LitCommerce: Multi-channel Selling Tool For WooCommerce","LitExtension","2000","2026-06-02 9:36am GMT","41","100","272","0","0","true","order","facebook","false","","https://wordpress.org/plugins/litcommerce/","reject_or_low_priority","unknown","unknown","unknown","unknown","unknown"
"470","4","shopping-feed-for-google","Product Feed for Google Shopping, Microsoft Advertising and 40+ Channels for WooCommerce Merchant","simprosys","2000","2026-06-01 11:31am GMT","41","96","86","0","0","true","product feed","facebook; analytics","false","http://wordpress.org/plugins/shopping-feed-for-google/","https://wordpress.org/plugins/shopping-feed-for-google/","reject_or_low_priority","unknown","unknown","unknown","unknown","unknown"
"471","4","tourfic","Tourfic – AI Powered Travel Booking, Hotel Booking &amp; Car Rental WordPress Plugin","Themefic","2000","2026-07-07 2:20pm GMT","5","82","16","0","0","false","booking; rental","elementor","true","https://themefic.com/tourfic","https://wordpress.org/plugins/tourfic/","reject_or_low_priority","unknown","unknown","unknown","unknown","unknown"
"472","4","woo-postfinance-checkout","PostFinance Checkout","PostFinance AG","1000","2026-06-19 8:09am GMT","24","36","38","2","0","true","checkout; invoice","payment","false","https://wordpress.org/plugins/woo-postfinance-checkout","https://wordpress.org/plugins/woo-postfinance-checkout/","reject_or_low_priority","unknown","unknown","unknown","unknown","unknown"
"473","4","bv-pantheon-migration","Pantheon Migrations","Pantheon Systems","1000","2026-04-20 6:48am GMT","84","100","7","0","0","false","","","true","https://pantheon.io","https://wordpress.org/plugins/bv-pantheon-migration/","reject_or_low_priority","unknown","unknown","unknown","unknown","unknown"
"474","4","order-delivery-date-and-time","Order Delivery Date And Time","ThemeHigh","1000","2026-06-08 5:33am GMT","35","92","19","2","1","true","order; delivery; checkout","","true","https://themehigh.com/order-delivery-date","https://wordpress.org/plugins/order-delivery-date-and-time/","reject_or_low_priority","unknown","unknown","unknown","unknown","unknown"
"475","4","custom-api-for-wp","Custom API for WP","miniOrange","1000","2026-06-01 9:15am GMT","42","96","45","0","0","false","","","false","https://wordpress.org/plugins/custom-api-for-wp/","https://wordpress.org/plugins/custom-api-for-wp/","reject_or_low_priority","unknown","unknown","unknown","unknown","unknown"
"476","4","membership-for-woocommerce","Membership For WooCommerce","WP Swings","900","2026-06-29 11:24am GMT","13","88","28","0","0","true","","","false","https://wordpress.org/plugins/membership-for-woocommerce/","https://wordpress.org/plugins/membership-for-woocommerce/","reject_or_low_priority","unknown","unknown","unknown","unknown","unknown"
"477","4","wemanage-app-worker","Management App for WooCommerce &#8211; Order notifications, Order management, Lead management, Uptime Monitoring","Yisrael Buchwald","900","2026-06-16 11:32am GMT","26","80","9","1","0","false","order","","false","","https://wordpress.org/plugins/wemanage-app-worker/","reject_or_low_priority","unknown","unknown","unknown","unknown","unknown"
"478","4","woosquare","WC Shop Sync – Square Payment Gateway and Product Synchronization for WooCommerce","Saad Iqbal","900","2026-07-02 10:39am GMT","10","90","42","0","0","true","order; inventory","payment","true","https://wcshopsync.com/","https://wordpress.org/plugins/woosquare/","reject_or_low_priority","unknown","unknown","unknown","unknown","unknown"
"479","4","smart-search-for-woocommerce","Smart Search &amp; Product Filter for WooCommerce &#8211; Searchanise","Searchanise","900","2026-07-01 8:37am GMT","12","88","43","1","0","false","","","true","https://searchanise.io/","https://wordpress.org/plugins/smart-search-for-woocommerce/","reject_or_low_priority","unknown","unknown","unknown","unknown","unknown"
"480","4","oliver-pos","Oliver POS – WooCommerce POS for iPhone, iPad &amp; Android","Oliver POS","800","2026-06-30 12:01am GMT","13","86","90","0","0","true","inventory; stock","payment; stripe","true","https://oliverpos.com","https://wordpress.org/plugins/oliver-pos/","reject_or_low_priority","unknown","unknown","unknown","unknown","unknown"
"481","4","bosta-woocommerce","Bosta WooCommerce","bostateam","700","2026-05-09 4:28pm GMT","64","48","8","0","0","false","order; shipping","","false","","https://wordpress.org/plugins/bosta-woocommerce/","reject_or_low_priority","unknown","unknown","unknown","unknown","unknown"
"482","4","woo-reviews-manually-approved","Manually Approved Reviews for WooCommerce","Tim Eckel","600","2026-01-30 11:58pm GMT","163","86","11","0","0","false","","","false","https://wordpress.org/plugins/woo-reviews-manually-approved/","https://wordpress.org/plugins/woo-reviews-manually-approved/","reject_or_low_priority","unknown","unknown","unknown","unknown","unknown"
"483","4","affiliatewp-checkout-referrals","AffiliateWP Checkout Referrals","Syed Balkhi","600","2025-04-23 9:27pm GMT","445","60","2","0","0","false","checkout","affiliate","true","https://affiliatewp.com/add-ons/official-free/checkout-referrals/","https://wordpress.org/plugins/affiliatewp-checkout-referrals/","reject_or_low_priority","unknown","unknown","unknown","unknown","unknown"
"484","4","notely","Notely","Rocket Apps","600","2026-03-04 1:09am GMT","131","96","13","0","0","false","","","false","https://wordpress.org/plugins/notely/","https://wordpress.org/plugins/notely/","reject_or_low_priority","unknown","unknown","unknown","unknown","unknown"
"485","4","wpc-force-sells","WPC Force Sells for WooCommerce","WPClever","600","2026-06-16 10:10am GMT","26","100","4","0","0","true","","","true","https://wpclever.net/","https://wordpress.org/plugins/wpc-force-sells/","reject_or_low_priority","unknown","unknown","unknown","unknown","unknown"
"486","4","woo-mini-cart-drawer","Mini Cart Drawer For WooCommerce","appsbd","500","2026-03-12 9:01am GMT","123","100","5","0","0","false","","","true","https://appsbd.com/products/mini-cart-drawer-for-woocommerce/","https://wordpress.org/plugins/woo-mini-cart-drawer/","reject_or_low_priority","unknown","unknown","unknown","unknown","unknown"
"487","4","advanced-google-recaptcha-for-woocommerce","reCaptcha for WooCommerce","Tanvirul Haque","400","2026-06-06 6:46am GMT","37","100","3","2","2","false","checkout","","false","https://wordpress.org/plugins/advanced-google-recaptcha-for-woocommerce/","https://wordpress.org/plugins/advanced-google-recaptcha-for-woocommerce/","reject_or_low_priority","unknown","unknown","unknown","unknown","unknown"
"488","4","woo-ultimate-order-combination","Ultimate Order Combination","Fahad Mahmood","400","2026-05-22 6:28pm GMT","51","76","9","0","0","false","order","","false","https://wordpress.org/plugins/woo-ultimate-order-combination","https://wordpress.org/plugins/woo-ultimate-order-combination/","reject_or_low_priority","unknown","unknown","unknown","unknown","unknown"
"489","4","products-sync-for-woocommerce","Product Sync for WooCommerce","miniOrange","400","2026-05-25 7:42am GMT","49","100","16","1","1","true","shipping; inventory; stock","dropship","true","https://plugins.miniorange.com/woocommerce-api-product-sync-with-woocommerce-rest-apis","https://wordpress.org/plugins/products-sync-for-woocommerce/","reject_or_low_priority","unknown","unknown","unknown","unknown","unknown"
"490","4","woo-media-api","Media API for WooCommerce","WooPOS","400","2025-12-07 3:06am GMT","218","0","0","0","0","false","","","false","","https://wordpress.org/plugins/woo-media-api/","reject_or_low_priority","unknown","unknown","unknown","unknown","unknown"
"491","4","gf-zoho","WP Gravity Forms Zoho CRM and Bigin","CRM Perks","400","2026-07-05 12:59pm GMT","7","100","24","0","0","false","","","true","https://www.crmperks.com/plugins/gravity-forms-plugins/gravity-forms-zoho-plugin/","https://wordpress.org/plugins/gf-zoho/","reject_or_low_priority","unknown","unknown","unknown","unknown","unknown"
"492","4","saveto-wishlist-lite-for-woocommerce","SaveTo Wishlist Lite – WooCommerce Wishlist","Josh Kohlbach","300","2026-06-22 3:58am GMT","21","82","9","5","5","true","","","true","https://savetowishlist.com/","https://wordpress.org/plugins/saveto-wishlist-lite-for-woocommerce/","reject_or_low_priority","unknown","unknown","unknown","unknown","unknown"
"493","4","woo-fortnox-hub","BjornTech Fortnox Hub for WooCommerce","bjorntech","300","2026-05-29 10:07am GMT","44","100","7","0","0","true","","","true","https://www.bjorntech.com/fortnox-hub?utm_source=wp-fortnox&utm_medium=plugin&utm_campaign=product","https://wordpress.org/plugins/woo-fortnox-hub/","reject_or_low_priority","unknown","unknown","unknown","unknown","unknown"
"494","4","accessibility-enabler","Accessibility Enabler","HikeOrders","300","2026-02-09 5:57am GMT","154","78","7","0","0","false","","","true","https://hikeorders.com/accessibility_enabler/home/","https://wordpress.org/plugins/accessibility-enabler/","reject_or_low_priority","unknown","unknown","unknown","unknown","unknown"
"495","4","rd-wc-order-modifier","RD Order Modifier for WooCommerce","camper2020","300","2026-05-23 7:08pm GMT","50","100","6","0","0","false","order","","false","","https://wordpress.org/plugins/rd-wc-order-modifier/","reject_or_low_priority","unknown","unknown","unknown","unknown","unknown"
"496","4","woo-autocomplete-search-bar","E-Commerce Autocomplete Search Bar","Gabriel","200","2025-11-13 10:10am GMT","241","84","5","0","0","false","","","false","","https://wordpress.org/plugins/woo-autocomplete-search-bar/","reject_or_low_priority","unknown","unknown","unknown","unknown","unknown"
"497","4","kargo-entegrator","Kargo Entegratör &#8211; Gurmehub Kargo Entegrasyon Eklentisi","Gurmehub","200","2026-07-01 11:11am GMT","11","98","7","0","0","true","","","true","https://kargoentegrator.com","https://wordpress.org/plugins/kargo-entegrator/","reject_or_low_priority","unknown","unknown","unknown","unknown","unknown"
"498","4","squarewoosync","Square Sync for WooCommerce | Comprehensive Data Sync Between Square and WooCommerce","squarewoosync","200","2026-07-06 3:43am GMT","7","100","11","2","2","true","order; inventory","payment","true","https://squaresyncforwoo.com","https://wordpress.org/plugins/squarewoosync/","reject_or_low_priority","unknown","unknown","unknown","unknown","unknown"
"499","4","woocommerce-fortnox-integration","Fortnox for WooCommerce","Wetail","200","2026-06-24 1:41pm GMT","18","100","3","0","0","false","order","","false","https://plugins.svn.wordpress.org/woocommerce-fortnox-integration/","https://wordpress.org/plugins/woocommerce-fortnox-integration/","reject_or_low_priority","unknown","unknown","unknown","unknown","unknown"
"500","4","wc-discord-notifications","Notifications on Discord for WooCommerce","Jarryd Long","200","2026-04-22 8:32pm GMT","81","100","3","0","0","false","order; stock; subscription","","false","","https://wordpress.org/plugins/wc-discord-notifications/","reject_or_low_priority","unknown","unknown","unknown","unknown","unknown"
"501","4","tyresaddict-woo-tyre-custom-metadata","TyresAddict &#8211; Tyre Custom Metadata for WooCommerce","TyresAddict","100","2026-02-09 3:28pm GMT","153","74","3","0","0","false","","","true","http://b2b.tyresaddict.com/","https://wordpress.org/plugins/tyresaddict-woo-tyre-custom-metadata/","reject_or_low_priority","unknown","unknown","unknown","unknown","unknown"
"502","4","inventory-sync-for-woocommerce","Inventory Sync for WooCommerce","Misha Rudrastyh","100","2026-05-30 10:35am GMT","43","100","4","1","1","false","inventory; stock","","false","","https://wordpress.org/plugins/inventory-sync-for-woocommerce/","reject_or_low_priority","unknown","unknown","unknown","unknown","unknown"
"503","4","identity-verification-for-woocommerce","Identity Verification for WooCommerce","Verdict","100","2026-07-06 5:00pm GMT","6","100","12","0","0","false","","","true","https://getverdict.com/real-id","https://wordpress.org/plugins/identity-verification-for-woocommerce/","reject_or_low_priority","unknown","unknown","unknown","unknown","unknown"
"504","4","ean-upc-and-isbn-for-woocommerce","EAN, UPC and ISBN for WooCommerce","howdytheme","100","2026-06-29 9:45am GMT","14","60","2","0","0","false","order","","false","","https://wordpress.org/plugins/ean-upc-and-isbn-for-woocommerce/","reject_or_low_priority","unknown","unknown","unknown","unknown","unknown"
"505","4","wpc-backend-product-filter","WPC Backend Product Filter for WooCommerce","WPClever","100","2026-06-16 4:10am GMT","27","100","1","0","0","true","","","true","https://wpclever.net/","https://wordpress.org/plugins/wpc-backend-product-filter/","reject_or_low_priority","unknown","unknown","unknown","unknown","unknown"
"506","4","bolt-checkout-woocommerce","Bolt Checkout for WooCommerce","boltpay","100","2026-06-26 3:33pm GMT","16","60","10","0","0","true","checkout","payment","true","https://bolt.com","https://wordpress.org/plugins/bolt-checkout-woocommerce/","reject_or_low_priority","unknown","unknown","unknown","unknown","unknown"
"507","4","litcommerce-feed","LitCommerce: Product Feed Tool For WooCommerce","LitCommerce Corp","100","2025-11-08 2:33am GMT","247","100","3","0","0","true","product feed","facebook","false","","https://wordpress.org/plugins/litcommerce-feed/","reject_or_low_priority","unknown","unknown","unknown","unknown","unknown"
"508","4","woopop-electronic-invoice-free","POP – European e-invoicing compliance for e-commerce","POP","80","2026-07-06 3:20pm GMT","6","98","15","0","0","false","invoice","","true","https://popapi.io/","https://wordpress.org/plugins/woopop-electronic-invoice-free/","reject_or_low_priority","unknown","unknown","unknown","unknown","unknown"
"509","4","order-table-for-woocommerce","Wholesale Order Table for WooCommerce","arosoft","80","2026-03-05 1:27pm GMT","129","100","4","0","0","false","order","","true","https://wholesaleorderplugin.com/","https://wordpress.org/plugins/order-table-for-woocommerce/","reject_or_low_priority","unknown","unknown","unknown","unknown","unknown"
"510","4","multiloca-lite-multi-location-inventory","Multiloca Lite – Multi Location Inventory Management for WooCommerce","Techspawn","70","2025-11-24 11:16am GMT","230","70","2","0","0","false","inventory; stock; warehouse","","false","","https://wordpress.org/plugins/multiloca-lite-multi-location-inventory/","reject_or_low_priority","unknown","unknown","unknown","unknown","unknown"
"511","4","webpos-point-of-sale-for-woocommerce","WebPOS &#8211; Point of Sale for WooCommerce","VillaTheme","60","2026-06-20 8:07am GMT","23","74","6","1","1","true","order; inventory","","true","https://villatheme.com/extensions/webpos-woocommerce-pos-point-of-sale/","https://wordpress.org/plugins/webpos-point-of-sale-for-woocommerce/","reject_or_low_priority","unknown","unknown","unknown","unknown","unknown"
"512","4","interface-for-geniki-taxydromiki-and-woo","Interface for Geniki Taxydromiki API v2 and Woo","Iraklis Kostalas","50","2023-07-27 9:11am GMT","1082","100","2","0","0","false","shipping","","false","","https://wordpress.org/plugins/interface-for-geniki-taxydromiki-and-woo/","reject_or_low_priority","unknown","unknown","unknown","unknown","unknown"
"513","4","wpmelon-advanced-bulk-edit-for-woocommerce","WPMelon Advanced Bulk Edit for WooCommerce","wpmelon","50","2026-05-26 3:43pm GMT","47","100","1","3","2","true","inventory; stock; variation","","true","https://wpmelon.com/bulk-edit/","https://wordpress.org/plugins/wpmelon-advanced-bulk-edit-for-woocommerce/","reject_or_low_priority","unknown","unknown","unknown","unknown","unknown"
"514","4","eye4fraud-for-woocommerce","Evereye for Woocommerce","Judah Hershkowits","40","2026-02-10 8:33pm GMT","152","0","0","0","0","false","order","","true","https://evereye.com","https://wordpress.org/plugins/eye4fraud-for-woocommerce/","reject_or_low_priority","unknown","unknown","unknown","unknown","unknown"
"515","4","whizmanage","WhizManage — Management Suite for WooCommerce","whizmanage","40","2026-06-10 12:12pm GMT","32","100","2","0","0","true","order; variation","","true","https://whizmanage.com/","https://wordpress.org/plugins/whizmanage/","reject_or_low_priority","unknown","unknown","unknown","unknown","unknown"
"516","4","multi-channel-for-woocommerce","Integrate Amazon for WooCommerce","miniOrange","30","2026-05-25 8:04am GMT","49","100","4","0","0","true","order; inventory","","true","https://plugins.miniorange.com","https://wordpress.org/plugins/multi-channel-for-woocommerce/","reject_or_low_priority","unknown","unknown","unknown","unknown","unknown"
"517","4","custom-thank-you-for-woo","Custom Thank you for Woo","SunCart","20","2025-02-27 5:41am GMT","501","0","0","0","0","false","order","","false","","https://wordpress.org/plugins/custom-thank-you-for-woo/","reject_or_low_priority","unknown","unknown","unknown","unknown","unknown"
"518","4","storekeeper-for-woocommerce","StoreKeeper for WooCommerce","StoreKeeper B.V.","20","2025-10-27 2:30pm GMT","258","0","0","0","0","false","order; catalog","","false","","https://wordpress.org/plugins/storekeeper-for-woocommerce/","reject_or_low_priority","unknown","unknown","unknown","unknown","unknown"
"519","4","indian-gst-invoice-suite","Indian GST Invoice Suite","SAUBHIK DAS","20","2026-02-14 12:24am GMT","149","0","0","1","0","true","invoice","","false","","https://wordpress.org/plugins/indian-gst-invoice-suite/","reject_or_low_priority","unknown","unknown","unknown","unknown","unknown"
"520","4","soluship-shipping","Soluship Shipping For Woocommerce","iccarrier","10","2026-02-02 9:50am GMT","161","0","0","0","0","false","shipment; shipping","","true","https://soluship.com/soluship.action","https://wordpress.org/plugins/soluship-shipping/","reject_or_low_priority","unknown","unknown","unknown","unknown","unknown"
"521","4","woo-order-delivery-time-management","Order Delivery Date and Time for Woocommerce","Kaushik Kalathiya","10","2026-03-04 9:08am GMT","131","100","1","0","0","true","order; delivery; checkout","","false","","https://wordpress.org/plugins/woo-order-delivery-time-management/","reject_or_low_priority","unknown","unknown","unknown","unknown","unknown"
"522","4","bba-mastro","BBA Mastro Plugin","developerbbamastro","10","2024-12-13 4:31am GMT","577","100","5","0","0","false","shipping","","false","","https://wordpress.org/plugins/bba-mastro/","reject_or_low_priority","unknown","unknown","unknown","unknown","unknown"
"523","4","opal-upsale-quantity-for-woocommerce","Opal Upsale Quantity for Woocommerce","wpopal","10","2025-12-05 2:58am GMT","220","100","3","0","0","true","","","true","https://wpopal.com/contact/","https://wordpress.org/plugins/opal-upsale-quantity-for-woocommerce/","reject_or_low_priority","unknown","unknown","unknown","unknown","unknown"
"524","4","data-feed-by-ttg-for-woocommerce","Data Feed by TTG for WooCommerce","Texas Technology Group","10","2025-11-11 2:55pm GMT","243","100","1","0","0","true","","","true","https://texastechnologygroup.com/product/gun-data-feed-by-the-texas-technology-group/","https://wordpress.org/plugins/data-feed-by-ttg-for-woocommerce/","reject_or_low_priority","unknown","unknown","unknown","unknown","unknown"
"525","4","megaventory","Megaventory Inventory Management","Megaventory","10","2026-02-18 3:02pm GMT","144","0","0","0","0","false","order; inventory","","true","https://woocommerce.com/products/megaventory-inventory-management/","https://wordpress.org/plugins/megaventory/","reject_or_low_priority","unknown","unknown","unknown","unknown","unknown"
"526","4","arksoft-tax-rate-lookup-woocommerce","TaxAutomator &#8211; Tax Rate Lookup for Woo Commerce","ARKSOFT","0","2026-07-01 7:32am GMT","12","0","0","0","0","true","checkout","","true","https://taxautomator.net/woocommerce-sales-tax-api","https://wordpress.org/plugins/arksoft-tax-rate-lookup-woocommerce/","reject_or_low_priority","unknown","unknown","unknown","unknown","unknown"
"527","4","milans-shipped-order-tracking-for-woo","Milans Shipped Order Tracking for Woo","milangru","0","2026-07-12 8:03am GMT","1","0","0","0","0","true","order; shipping; delivery","","true","https://github.com/milangru/milans-shipped-order-tracking-for-woo","https://wordpress.org/plugins/milans-shipped-order-tracking-for-woo/","reject_or_low_priority","unknown","unknown","unknown","unknown","unknown"
"528","4","kalicart-bridge","KaliCart Bridge – Product Feed for ChatGPT &amp; AI Agents","Giuseppe Socci","0","2026-07-13 6:53am GMT","0","100","2","1","1","true","catalog; product feed","","true","https://bridge.kalicart.com","https://wordpress.org/plugins/kalicart-bridge/","reject_or_low_priority","unknown","unknown","unknown","unknown","unknown"
"529","4","product-expiry-manager-for-woocommerce","Product Expiry Manager for WooCommerce with Expiry Alerts &amp; Stock Tracking","Store Boost Kit","0","2026-05-11 11:56am GMT","62","100","1","0","0","true","inventory; stock","","true","https://storeboostkit.com/product/product-expiry-manager-for-woocommerce/","https://wordpress.org/plugins/product-expiry-manager-for-woocommerce/","reject_or_low_priority","unknown","unknown","unknown","unknown","unknown"
"530","4","split-order-by-warehouse","Split Order By Warehouse for Woocommerce","SunCart","0","2025-02-26 8:45am GMT","502","20","1","0","0","false","order; warehouse","","false","","https://wordpress.org/plugins/split-order-by-warehouse/","reject_or_low_priority","unknown","unknown","unknown","unknown","unknown"
"531","4","product-lifecycle-tracker","Product Lifecycle Tracker","andaletech","0","2025-04-14 4:05pm GMT","454","0","0","0","0","false","inventory; stock","","false","","https://wordpress.org/plugins/product-lifecycle-tracker/","reject_or_low_priority","unknown","unknown","unknown","unknown","unknown"
"532","4","custom-checkbox-ultimate-for-woocommerce","Custom Checkbox Ultimate for WooCommerce","Sandy","0","2025-03-30 12:35pm GMT","469","100","1","0","0","true","","","true","https://www.insertcart.com/insertcart-custom-checkbox-ultimate-for-woocommerce-documentation/","https://wordpress.org/plugins/custom-checkbox-ultimate-for-woocommerce/","reject_or_low_priority","unknown","unknown","unknown","unknown","unknown"
"533","3","litespeed-cache","LiteSpeed Cache","LiteSpeed Technologies","7000000","2026-04-01 4:54pm GMT","102","96","2761","75","52","false","","","true","https://www.litespeedtech.com/products/cache-plugins/wordpress-acceleration","https://wordpress.org/plugins/litespeed-cache/","reject_or_low_priority","unknown","unknown","unknown","unknown","unknown"
"534","3","woo-cart-abandonment-recovery","Cart Abandonment Recovery for WooCommerce – Recover Lost Sales with Automated Emails","Brainstorm Force","300000","2026-06-19 12:15pm GMT","23","96","611","3","3","true","","","true","https://cartflows.com/","https://wordpress.org/plugins/woo-cart-abandonment-recovery/","reject_or_low_priority","unknown","unknown","unknown","unknown","unknown"
"535","3","simple-custom-post-order","Simple Custom Post Order","colorlibplugins","300000","2026-07-01 10:37am GMT","11","96","566","5","3","false","order","","false","https://wordpress.org/plugins-wp/simple-custom-post-order/","https://wordpress.org/plugins/simple-custom-post-order/","reject_or_low_priority","unknown","unknown","unknown","unknown","unknown"
"536","3","mailchimp-for-woocommerce","Mailchimp for WooCommerce","Mailchimp","200000","2026-05-28 4:00pm GMT","45","80","725","6","2","true","","","true","https://mailchimp.com/connect-your-store/","https://wordpress.org/plugins/mailchimp-for-woocommerce/","reject_or_low_priority","unknown","unknown","unknown","unknown","unknown"
"537","3","ti-woocommerce-wishlist","TI WooCommerce Wishlist","templateinvaders","100000","2026-06-24 7:58pm GMT","18","94","498","2","0","true","","","false","https://wordpress.org/plugins/ti-woocommerce-wishlist/","https://wordpress.org/plugins/ti-woocommerce-wishlist/","reject_or_low_priority","unknown","unknown","unknown","unknown","unknown"
"538","3","woocommerce-multilingual","WPML Multilingual &amp; Multicurrency for WooCommerce","Amir Helzer","100000","2026-06-09 6:18pm GMT","33","84","449","5","0","false","","","true","https://wpml.org/documentation/related-projects/woocommerce-multilingual/?utm_source=plugin&utm_medium=gui&utm_campaign=wcml","https://wordpress.org/plugins/woocommerce-multilingual/","reject_or_low_priority","unknown","unknown","unknown","unknown","unknown"
"539","3","wp-parsidate","پارسی دیت – Parsi Date","Morteza Geransayeh","100000","2026-06-29 8:05pm GMT","13","92","128","9","5","false","","","true","https://wp-parsi.com/support/","https://wordpress.org/plugins/wp-parsidate/","reject_or_low_priority","unknown","unknown","unknown","unknown","unknown"
"540","3","wp-all-export","WP All Export – Drag &amp; Drop Export to Any Custom CSV, XML &amp; Excel","Soflyy","100000","2026-06-09 4:53am GMT","34","90","413","2","1","false","","","true","http://www.wpallimport.com/upgrade-to-wp-all-export-pro/?utm_source=export-plugin-free&utm_medium=wp-plugins-page&utm_campaign=upgrade-to-pro","https://wordpress.org/plugins/wp-all-export/","reject_or_low_priority","unknown","unknown","unknown","unknown","unknown"
"541","3","side-cart-woocommerce","Side Cart Woocommerce | Woocommerce Cart","xootix","80000","2026-06-21 2:52pm GMT","21","98","451","7","3","false","","","true","http://xootix.com/side-cart-woocommerce","https://wordpress.org/plugins/side-cart-woocommerce/","reject_or_low_priority","unknown","unknown","unknown","unknown","unknown"
"542","3","woocommerce-menu-bar-cart","Menu Cart for WooCommerce","WP Overnight","80000","2026-06-22 7:54am GMT","21","92","99","2","1","false","","","true","https://wpovernight.com/downloads/menu-cart-pro/","https://wordpress.org/plugins/woocommerce-menu-bar-cart/","reject_or_low_priority","unknown","unknown","unknown","unknown","unknown"
"543","3","blogvault-real-time-backup","BlogVault Backup &amp; Staging","akshatc","80000","2026-06-06 4:55am GMT","37","90","326","1","1","false","","","true","https://blogvault.net","https://wordpress.org/plugins/blogvault-real-time-backup/","reject_or_low_priority","unknown","unknown","unknown","unknown","unknown"
"544","3","woocommerce-germanized","Germanized for WooCommerce","vendidero","70000","2026-07-13 11:23am GMT","0","96","494","12","12","false","","","true","https://www.vendidero.de/woocommerce-germanized","https://wordpress.org/plugins/woocommerce-germanized/","reject_or_low_priority","unknown","unknown","unknown","unknown","unknown"
"545","3","webappick-product-feed-for-woocommerce","Product Feed Manager for WooCommerce – CTX Feed – Support 220+ Shopping &amp; Social Channels","WebAppick","70000","2026-07-07 4:30am GMT","6","92","824","19","8","true","catalog; product feed","facebook","true","https://webappick.com/","https://wordpress.org/plugins/webappick-product-feed-for-woocommerce/","reject_or_low_priority","unknown","unknown","unknown","unknown","unknown"
"546","3","emailkit","EmailKit &#8211; Email Customizer for WooCommerce &amp; WP","Roxnor","70000","2026-07-05 9:33am GMT","8","94","12","1","1","false","","","true","https://wpmet.com/plugin/emailkit/","https://wordpress.org/plugins/emailkit/","reject_or_low_priority","unknown","unknown","unknown","unknown","unknown"
"547","3","wpdatatables","wpDataTables &#8211; WordPress Data Table, Dynamic Tables &amp; Table Charts Plugin","Melograno Venture Studio","70000","2026-06-24 8:07am GMT","19","90","448","5","5","false","","","true","https://wpdatatables.com","https://wordpress.org/plugins/wpdatatables/","reject_or_low_priority","unknown","unknown","unknown","unknown","unknown"
"548","3","print-invoices-packing-slip-labels-for-woocommerce","WebToffee WooCommerce PDF Invoices, Packing Slips, Delivery Notes &amp; Shipping Labels","WebToffee","50000","2026-06-17 8:06am GMT","26","98","284","4","4","true","order; shipping; delivery; invoice; packing","","true","https://www.webtoffee.com/product/woocommerce-pdf-invoices-packing-slips/","https://wordpress.org/plugins/print-invoices-packing-slip-labels-for-woocommerce/","reject_or_low_priority","unknown","unknown","unknown","unknown","unknown"
"549","3","printful-shipping-for-woocommerce","Printful Integration for WooCommerce","printful","50000","2026-01-14 2:00pm GMT","179","52","96","0","0","false","shipping","dropship","false","https://wordpress.org/plugins/printful-shipping-for-woocommerce/","https://wordpress.org/plugins/printful-shipping-for-woocommerce/","reject_or_low_priority","unknown","unknown","unknown","unknown","unknown"
"550","3","seraphinite-accelerator","Seraphinite Accelerator","Seraphinite Solutions","50000","2026-07-08 6:39am GMT","5","96","475","3","1","false","","","false","http://wordpress.org/plugins/seraphinite-accelerator","https://wordpress.org/plugins/seraphinite-accelerator/","reject_or_low_priority","unknown","unknown","unknown","unknown","unknown"
"551","3","woocommerce-shipstation-integration","ShipStation for WooCommerce","WooCommerce","40000","2026-06-25 10:52am GMT","17","66","13","2","2","true","shipping","","true","https://woocommerce.com/products/shipstation-integration/","https://wordpress.org/plugins/woocommerce-shipstation-integration/","reject_or_low_priority","unknown","unknown","unknown","unknown","unknown"
"552","3","persian-woocommerce-sms","افزونه پیامک ووکامرس Persian WooCommerce SMS","PersianScript","40000","2026-06-22 8:25am GMT","21","90","116","4","0","false","","","false","https://wordpress.org/plugins/persian-woocommerce-sms","https://wordpress.org/plugins/persian-woocommerce-sms/","reject_or_low_priority","unknown","unknown","unknown","unknown","unknown"
"553","3","woocommerce-delivery-notes","Print Invoice &amp; Delivery Notes for WooCommerce","tychesoftwares","30000","2026-06-29 12:15pm GMT","13","88","136","22","11","true","order; delivery; invoice; packing","","true","https://www.tychesoftwares.com","https://wordpress.org/plugins/woocommerce-delivery-notes/","reject_or_low_priority","unknown","unknown","unknown","unknown","unknown"
"554","3","woo-wallet","Wallet for WooCommerce","Subrata Mal","20000","2026-07-08 3:00am GMT","5","94","187","13","9","true","","payment","true","https://standalonetech.com/","https://wordpress.org/plugins/woo-wallet/","reject_or_low_priority","unknown","unknown","unknown","unknown","unknown"
"555","3","woo-multi-currency","CURCY &#8211; Multi Currency for WooCommerce &#8211; Smoothly on WooCommerce 9.x","VillaTheme","20000","2026-06-20 8:26am GMT","23","86","226","6","1","true","","payment","true","https://villatheme.com/extensions/woo-multi-currency/","https://wordpress.org/plugins/woo-multi-currency/","reject_or_low_priority","unknown","unknown","unknown","unknown","unknown"
"556","3","ecwid-shopping-cart","Ecwid by Lightspeed Ecommerce Shopping Cart","Ecwid by Lightspeed Ecommerce Shopping Cart","20000","2026-02-13 11:42am GMT","149","90","228","1","0","false","","facebook","true","http://www.ecwid.com?partner=wporg","https://wordpress.org/plugins/ecwid-shopping-cart/","reject_or_low_priority","unknown","unknown","unknown","unknown","unknown"
"557","3","woocommerce-pay-for-payment","Pay for Payment for WooCommerce","Karolina Vyskocilova","10000","2026-03-18 1:20pm GMT","116","94","71","0","0","false","","payment","true","https://kybernaut.cz/pluginy/woocommerce-pay-for-payment/","https://wordpress.org/plugins/woocommerce-pay-for-payment/","reject_or_low_priority","unknown","unknown","unknown","unknown","unknown"
"558","3","metorik-helper","Metorik &#8211; Reports &amp; Email Automation for WooCommerce","Metorik","10000","2026-05-18 3:40am GMT","56","100","20","0","0","true","","analytics","true","https://metorik.com","https://wordpress.org/plugins/metorik-helper/","reject_or_low_priority","unknown","unknown","unknown","unknown","unknown"
"559","3","multibanco-ifthen-software-gateway-for-woocommerce","Multibanco, MB WAY, Credit card, Apple Pay, Google Pay, Payshop, Cofidis Pay, and PIX (ifthenpay) for WooCommerce","Naked Cat Plugins","8000","2026-05-23 9:31am GMT","51","100","21","1","1","true","","payment","true","https://www.webdados.pt/wordpress/plugins/multibanco-ifthen-software-gateway-woocommerce-wordpress/","https://wordpress.org/plugins/multibanco-ifthen-software-gateway-for-woocommerce/","reject_or_low_priority","unknown","unknown","unknown","unknown","unknown"
"560","3","eventprime-event-calendar-management","EventPrime – Events Calendar, Bookings and Tickets","Metagauss","7000","2026-07-10 8:41am GMT","3","90","84","19","18","false","booking","","true","https://theeventprime.com","https://wordpress.org/plugins/eventprime-event-calendar-management/","reject_or_low_priority","unknown","unknown","unknown","unknown","unknown"
"561","3","trusted-shops-easy-integration-for-woocommerce","Trusted Shops Easy Integration for WooCommerce","vendidero","6000","2026-07-09 2:01pm GMT","3","100","2","0","0","false","","","false","https://wordpress.org/plugins/trusted-shops-easy-integration-for-woocommerce","https://wordpress.org/plugins/trusted-shops-easy-integration-for-woocommerce/","reject_or_low_priority","unknown","unknown","unknown","unknown","unknown"
"562","3","woo-coupon-usage","Coupon Affiliates – Affiliate Plugin for WooCommerce","Elliot Sowersby / RelyWP","5000","2026-07-09 5:03pm GMT","3","98","75","7","7","true","","affiliate","true","https://couponaffiliates.com","https://wordpress.org/plugins/woo-coupon-usage/","reject_or_low_priority","unknown","unknown","unknown","unknown","unknown"
"563","3","chip-for-woocommerce","CHIP for WooCommerce","Chip In Sdn Bhd","4000","2026-06-22 4:39am GMT","21","100","2","0","0","true","subscription","payment","false","https://wordpress.org/plugins/chip-for-woocommerce/","https://wordpress.org/plugins/chip-for-woocommerce/","reject_or_low_priority","unknown","unknown","unknown","unknown","unknown"
"564","3","paytrail-for-woocommerce","Paytrail for WooCommerce","loueranta","3000","2026-04-08 7:17am GMT","96","74","3","0","0","true","","payment","true","https://github.com/paytrail/paytrail-for-woocommerce","https://wordpress.org/plugins/paytrail-for-woocommerce/","reject_or_low_priority","unknown","unknown","unknown","unknown","unknown"
"565","3","woo-payment-gateway-for-piraeus-bank","Piraeus Bank WooCommerce Payment Gateway","Papaki (Enartia S.A.)","3000","2026-01-19 12:10pm GMT","174","78","35","3","0","false","","payment","true","https://www.papaki.com","https://wordpress.org/plugins/woo-payment-gateway-for-piraeus-bank/","reject_or_low_priority","unknown","unknown","unknown","unknown","unknown"
"566","3","dibs-easy-for-woocommerce","Nexi Checkout","dibspayment","3000","2026-06-22 8:56am GMT","21","80","3","0","0","false","checkout","payment","true","https://krokedil.se/produkt/nets-easy/","https://wordpress.org/plugins/dibs-easy-for-woocommerce/","reject_or_low_priority","unknown","unknown","unknown","unknown","unknown"
"567","3","magical-products-display","Magical Shop Builder – WooCommerce Template Builder for Elementor | Shop, Cart, Checkout &amp; Product Page Builder","Noor Alam","3000","2026-05-21 6:45am GMT","53","100","9","1","0","false","checkout","elementor","true","https://wpthemespace.com/magical-shop-builder","https://wordpress.org/plugins/magical-products-display/","reject_or_low_priority","unknown","unknown","unknown","unknown","unknown"
"568","3","disable-woocommerce-reviews","Disable WooCommerce Reviews","pipdig","2000","2026-05-30 6:17pm GMT","43","100","7","0","0","false","","","false","https://wordpress.org/plugins/disable-woocommerce-reviews/","https://wordpress.org/plugins/disable-woocommerce-reviews/","reject_or_low_priority","unknown","unknown","unknown","unknown","unknown"
"569","3","woo-ecommerce-tracking-for-google-and-facebook","Enhanced Ecommerce Google Analytics for WooCommerce","Dotstore","2000","2026-03-23 9:09am GMT","112","100","6","0","0","true","","analytics","true","https://www.thedotstore.com/woocommerce-enhanced-ecommerce-analytics-integration-with-conversion-tracking","https://wordpress.org/plugins/woo-ecommerce-tracking-for-google-and-facebook/","reject_or_low_priority","unknown","unknown","unknown","unknown","unknown"
"570","3","invoice-gateway-for-woocommerce","Invoice Gateway for WooCommerce &#8211; Invoice Payment Gateway","Josh Kohlbach","2000","2026-06-10 5:26am GMT","33","88","7","0","0","false","invoice; quote","payment","true","https://rymera.com.au/","https://wordpress.org/plugins/invoice-gateway-for-woocommerce/","reject_or_low_priority","unknown","unknown","unknown","unknown","unknown"
"571","3","wc-invoice-gateway","Invoice Payment Gateway for WooCommerce","Stuart Duff - a11n","2000","2026-05-20 8:02pm GMT","53","100","11","1","1","false","invoice","payment","false","https://wordpress.org/plugins/wc-invoice-gateway/","https://wordpress.org/plugins/wc-invoice-gateway/","reject_or_low_priority","unknown","unknown","unknown","unknown","unknown"
"572","3","importify","Importify – AI Dropshipping for WooCommerce","importify","2000","2026-07-02 12:44am GMT","11","90","27","0","0","false","fulfil; fulfill; shipping","dropship","false","","https://wordpress.org/plugins/importify/","reject_or_low_priority","unknown","unknown","unknown","unknown","unknown"
"573","3","deposits-for-woocommerce","Deposits &amp; Partial Payments for WooCommerce &#8211; Bayna","Niloy - Codeixer","1000","2026-03-17 9:48pm GMT","117","100","49","1","1","true","","payment","false","https://wordpress.org/plugins/deposits-for-woocommerce/","https://wordpress.org/plugins/deposits-for-woocommerce/","reject_or_low_priority","unknown","unknown","unknown","unknown","unknown"
"574","3","bambora-online-checkout","Worldline Online Checkout","Worldline Checkout Nordics","1000","2026-04-28 7:50am GMT","76","100","1","0","0","false","checkout","payment","true","https://worldline.com/","https://wordpress.org/plugins/bambora-online-checkout/","reject_or_low_priority","unknown","unknown","unknown","unknown","unknown"
"575","3","woo-jtl-connector","JTL-Connector for WooCommerce","ntbyk","1000","2026-06-17 9:13am GMT","26","86","6","0","0","false","","","false","","https://wordpress.org/plugins/woo-jtl-connector/","reject_or_low_priority","unknown","unknown","unknown","unknown","unknown"
"576","3","tilopay","Tilopay","hnanne","1000","2025-11-12 4:09pm GMT","242","86","4","0","0","true","","payment","false","https://wordpress.org/plugins/tilopay/","https://wordpress.org/plugins/tilopay/","reject_or_low_priority","unknown","unknown","unknown","unknown","unknown"
"577","3","hippoo","Hippoo Mobile App for WooCommerce","hippooo","1000","2026-06-04 6:33pm GMT","38","98","7","0","0","false","order; inventory","analytics","true","https://Hippoo.app/","https://wordpress.org/plugins/hippoo/","reject_or_low_priority","unknown","unknown","unknown","unknown","unknown"
"578","3","syncee-global-dropshipping","Syncee Premium Dropshipping &amp; Wholesale","akosglys","1000","2026-06-11 1:26pm GMT","31","90","49","0","0","false","shipping","dropship","false","","https://wordpress.org/plugins/syncee-global-dropshipping/","reject_or_low_priority","unknown","unknown","unknown","unknown","unknown"
"579","3","notification-master","Notification Master &#8211; Real-Time WordPress Notifications With Email, SMS, Webhooks &amp; More","Notification Master","1000","2026-06-23 5:26pm GMT","19","100","4","1","1","false","","","false","","https://wordpress.org/plugins/notification-master/","reject_or_low_priority","unknown","unknown","unknown","unknown","unknown"
"580","3","momo-venmo","Receive customer payments on Woocommerce","The African Boss","1000","2025-07-07 1:11am GMT","371","100","1","0","0","false","","payment; paypal","true","https://theafricanboss.com/venmo","https://wordpress.org/plugins/momo-venmo/","reject_or_low_priority","unknown","unknown","unknown","unknown","unknown"
"581","3","faire-for-woocommerce","Faire for WooCommerce","fairewholesaleglobal","800","2026-06-24 2:32pm GMT","18","60","4","0","0","true","","","false","","https://wordpress.org/plugins/faire-for-woocommerce/","reject_or_low_priority","unknown","unknown","unknown","unknown","unknown"
"582","3","dropshipping-xml-for-woocommerce","Dropshipping XML for WooCommerce","wpdesk","800","2026-06-21 2:03am GMT","22","86","11","1","1","false","shipping; product feed","dropship","true","https://www.wpdesk.net/sk/dropshipping-xml-for-woocommerce-plugin/","https://wordpress.org/plugins/dropshipping-xml-for-woocommerce/","reject_or_low_priority","unknown","unknown","unknown","unknown","unknown"
"583","3","free-gifts-product-for-woocommerce","Free Gift Product For WooCommerce","silverplugins217","800","2026-05-23 7:48am GMT","51","94","14","0","0","false","","","false","","https://wordpress.org/plugins/free-gifts-product-for-woocommerce/","reject_or_low_priority","unknown","unknown","unknown","unknown","unknown"
"584","3","marketking-multivendor-marketplace-for-woocommerce","MarketKing — Ultimate WooCommerce Multivendor Marketplace Solution","WebWizards","800","2026-06-12 5:18pm GMT","30","100","18","1","1","false","","","false","https://wordpress.org/plugins/marketking-multivendor-marketplace-for-woocommerce","https://wordpress.org/plugins/marketking-multivendor-marketplace-for-woocommerce/","reject_or_low_priority","unknown","unknown","unknown","unknown","unknown"
"585","3","dintero-checkout-for-woocommerce","Dintero Checkout for WooCommerce Payment Methods","Dintero","600","2026-05-28 12:43pm GMT","45","100","2","0","0","true","checkout","payment","true","https://krokedil.com/products/","https://wordpress.org/plugins/dintero-checkout-for-woocommerce/","reject_or_low_priority","unknown","unknown","unknown","unknown","unknown"
"586","3","extra-product-options-for-woocommerce","Extra Product Options for WooCommerce","actpro","600","2026-06-29 7:01pm GMT","13","82","9","1","0","true","","","false","","https://wordpress.org/plugins/extra-product-options-for-woocommerce/","reject_or_low_priority","unknown","unknown","unknown","unknown","unknown"
"587","3","storeengine","StoreEngine — Complete eCommerce Solution with Memberships, Licensing, Affiliates &amp; More","Kodezen LLC","600","2026-07-13 3:13pm GMT","0","100","16","6","2","false","subscription","affiliate","true","https://storeengine.pro","https://wordpress.org/plugins/storeengine/","reject_or_low_priority","unknown","unknown","unknown","unknown","unknown"
"588","3","wsw-import-export-ecommerce-integration","WSW &#8211; Shopify WooCommerce / WordPress Integration and Migration","Ashish","600","2026-03-11 2:20pm GMT","123","100","2","0","0","false","","","false","","https://wordpress.org/plugins/wsw-import-export-ecommerce-integration/","reject_or_low_priority","unknown","unknown","unknown","unknown","unknown"
"589","3","yatra","Yatra &#8211; Travel Booking &amp; Tour Operator Software","MantraBrain","600","2026-07-06 5:29am GMT","7","92","22","2","2","false","booking","payment","true","https://wpyatra.com/","https://wordpress.org/plugins/yatra/","reject_or_low_priority","unknown","unknown","unknown","unknown","unknown"
"590","3","tmds-dropshipping-for-temu-and-woo","TMDS &#8211; Dropshipping for TEMU and Woo","VillaTheme","500","2026-06-19 7:09am GMT","24","100","2","0","0","true","shipping","dropship","true","https://villatheme.com/extensions/tmds-dropshipping-for-temu-and-woo/","https://wordpress.org/plugins/tmds-dropshipping-for-temu-and-woo/","reject_or_low_priority","unknown","unknown","unknown","unknown","unknown"
"591","3","frontend-product-editor","Frontend Product Editor for WooCommerce","WPVibes","500","2026-04-21 6:43am GMT","83","100","11","0","0","false","","","false","","https://wordpress.org/plugins/frontend-product-editor/","reject_or_low_priority","unknown","unknown","unknown","unknown","unknown"
"592","3","woocommerce-embed-videos-to-product-image-gallery","Embed Videos For Product Image Gallery Using WooCommerce","ZealousWeb","400","2026-06-08 11:38am GMT","34","56","21","0","0","false","","","false","","https://wordpress.org/plugins/woocommerce-embed-videos-to-product-image-gallery/","reject_or_low_priority","unknown","unknown","unknown","unknown","unknown"
"593","3","cpt-woo-integration","Custom Post Type WooCommerce Integration","Tiny Solutions","400","2026-05-20 6:35pm GMT","53","100","17","0","0","false","checkout","payment","true","https://www.wptinysolutions.com/tiny-products/cpt-woo-integration","https://wordpress.org/plugins/cpt-woo-integration/","reject_or_low_priority","unknown","unknown","unknown","unknown","unknown"
"594","3","staggs","STAGGS &#8211; Product Configurator Toolkit","STAGGS","400","2026-06-17 7:05pm GMT","25","100","27","0","0","false","","","false","https://wordpress.org/plugins/staggs/","https://wordpress.org/plugins/staggs/","reject_or_low_priority","unknown","unknown","unknown","unknown","unknown"
"595","3","csv-importer-plus-for-acf","CSV Importer Plus for ACF","Mobeen Raheem","400","2026-07-13 2:02pm GMT","0","100","5","0","0","false","","","true","https://csvimporterplusforacf.com/","https://wordpress.org/plugins/csv-importer-plus-for-acf/","reject_or_low_priority","unknown","unknown","unknown","unknown","unknown"
"596","3","captcha-eu","Captcha.eu","captcha.eu","300","2026-05-19 9:11am GMT","55","100","5","0","0","false","","","true","https://www.captcha.eu","https://wordpress.org/plugins/captcha-eu/","reject_or_low_priority","unknown","unknown","unknown","unknown","unknown"
"597","3","postcodes4u-address-finder","Postcodes4U Address Finder","3XSoftware","300","2026-07-02 10:42pm GMT","10","100","3","0","0","false","","","true","http://plugins.3xsoftware.co.uk","https://wordpress.org/plugins/postcodes4u-address-finder/","reject_or_low_priority","unknown","unknown","unknown","unknown","unknown"
"598","3","echo-rewards","EchoRewards — Refer-a-Friend &amp; Referral Program for WooCommerce","WPPOOL","300","2026-07-12 3:59pm GMT","0","78","8","0","0","false","","","true","https://echorewards.pro","https://wordpress.org/plugins/echo-rewards/","reject_or_low_priority","unknown","unknown","unknown","unknown","unknown"
"599","3","buckydrop-dropshipping-for-woocommerce","BuckyDrop – Branded Dropshipping for WooCommerce","BuckyDrop","300","2026-03-12 10:14am GMT","122","0","0","0","0","false","order; fulfil; fulfill; shipping","dropship","true","https://www.buckydrop.com/","https://wordpress.org/plugins/buckydrop-dropshipping-for-woocommerce/","reject_or_low_priority","unknown","unknown","unknown","unknown","unknown"
"600","3","subre-product-subscription-for-woo","SUBRE – Product Subscription for WooCommerce &#8211; Recurring Payments","VillaTheme","200","2026-06-20 4:58am GMT","23","100","4","2","0","true","subscription","payment","true","https://villatheme.com/extensions/subre-woocommerce-product-subscription/","https://wordpress.org/plugins/subre-product-subscription-for-woo/","reject_or_low_priority","unknown","unknown","unknown","unknown","unknown"
"601","3","budpay","BudPay","azeezoluwafemi","200","2025-06-05 1:32pm GMT","402","0","0","0","0","true","","payment","true","https://devs.budpay.com/","https://wordpress.org/plugins/budpay/","reject_or_low_priority","unknown","unknown","unknown","unknown","unknown"
"602","3","setary","Setary — Bulk Edit WordPress &amp; WooCommerce","Setary","200","2026-06-22 10:22pm GMT","20","100","9","0","0","false","","","true","https://setary.com/","https://wordpress.org/plugins/setary/","reject_or_low_priority","unknown","unknown","unknown","unknown","unknown"
"603","3","point-of-sale-pos-woocommerce","Jovvie Point of Sale POS for WooCommerce","bizswoop","200","2026-07-01 11:53am GMT","11","90","22","0","0","false","inventory","stripe","true","https://www.jovvie.com","https://wordpress.org/plugins/point-of-sale-pos-woocommerce/","reject_or_low_priority","unknown","unknown","unknown","unknown","unknown"
"604","3","instantsearch-for-woocommerce","Search, Filters &amp; Merchandising for WooCommerce","Fast Simon","200","2026-07-13 11:03am GMT","0","92","169","0","0","false","","","false","https://wordpress.org/plugins/instantsearch-for-woocommerce/","https://wordpress.org/plugins/instantsearch-for-woocommerce/","reject_or_low_priority","unknown","unknown","unknown","unknown","unknown"
"605","3","flexible-ean-for-woocommerce","Flexible EAN for WooCommerce","wpdesk","200","2026-07-02 2:31pm GMT","10","54","3","0","0","false","","","true","https://wpdesk.net/products/flexible-ean-woocommerce","https://wordpress.org/plugins/flexible-ean-for-woocommerce/","reject_or_low_priority","unknown","unknown","unknown","unknown","unknown"
"606","3","support-wp","WP Supra &#8211; Maintenance &amp; Support Utilities","PR24","200","2026-07-08 1:46pm GMT","4","100","1","0","0","false","","","true","https://wpsupra.com","https://wordpress.org/plugins/support-wp/","reject_or_low_priority","unknown","unknown","unknown","unknown","unknown"
"607","3","chinads-dropshipping-taobao-woocommerce","ChinaDS – Tmall-Taobao Dropshipping for WooCommerce","VillaTheme","100","2026-06-26 9:45am GMT","17","80","2","0","0","true","shipping","dropship","true","https://villatheme.com/extensions/chinads-taobao-dropshipping-for-woocommerce/","https://wordpress.org/plugins/chinads-dropshipping-taobao-woocommerce/","reject_or_low_priority","unknown","unknown","unknown","unknown","unknown"
"608","3","raffle-ticket-generator","Raffle Ticket Generator &#8211; Woocommerce","teoleonard","100","2026-06-20 7:49am GMT","23","86","9","0","0","false","","","true","http://wpraffle.com","https://wordpress.org/plugins/raffle-ticket-generator/","reject_or_low_priority","unknown","unknown","unknown","unknown","unknown"
"609","3","linet-erp-woocommerce-integration","Linet ERP Integration For Woocommerce","aribhour","100","2026-07-13 4:04pm GMT","0","100","1","0","0","false","","","true","https://github.com/adam2314/woocommerce-linet","https://wordpress.org/plugins/linet-erp-woocommerce-integration/","reject_or_low_priority","unknown","unknown","unknown","unknown","unknown"
"610","3","ekassa-all-products-by-note-shot-oy","E-kassa.fi POS-system","noteshot","100","2026-05-16 7:38am GMT","58","100","1","0","0","false","","","true","https://e-kassa.fi/woocommerce-webshop-pos","https://wordpress.org/plugins/ekassa-all-products-by-note-shot-oy/","reject_or_low_priority","unknown","unknown","unknown","unknown","unknown"
"611","3","straumur-payments-for-woocommerce","Straumur Payments For WooCommerce","Straumur Greiðslumiðlun hf.","100","2026-06-08 12:45pm GMT","34","0","0","0","0","true","order; checkout; subscription","payment","true","https://straumur.is/veflausnir","https://wordpress.org/plugins/straumur-payments-for-woocommerce/","reject_or_low_priority","unknown","unknown","unknown","unknown","unknown"
"612","3","swipe-n-buy","Swipe n Buy for WooCommerce – Tinder-Style Product Swiping Experience","bPlugins","90","2026-07-11 3:04pm GMT","1","0","0","0","0","true","checkout","","false","","https://wordpress.org/plugins/swipe-n-buy/","reject_or_low_priority","unknown","unknown","unknown","unknown","unknown"
"613","3","integrate-dynamics-365-crm","Integrate Dynamics 365 CRM","miniOrange","90","2026-06-17 10:06am GMT","25","100","6","0","0","false","order","","true","https://plugins.miniorange.com/","https://wordpress.org/plugins/integrate-dynamics-365-crm/","reject_or_low_priority","unknown","unknown","unknown","unknown","unknown"
"614","3","smspilot-ru-woocommerce","SMSPILOT.RU WooCommerce","shuchkin","70","2025-12-03 3:08pm GMT","221","0","0","0","0","false","","","true","https://smspilot.ru/woocommerce.php","https://wordpress.org/plugins/smspilot-ru-woocommerce/","reject_or_low_priority","unknown","unknown","unknown","unknown","unknown"
"615","3","selling-commander-connector","Selling Commander for WooCommerce &#8211; connector plugin","Holest Engineering","70","2024-10-16 6:56am GMT","635","0","0","0","0","false","","","true","https://sellingcommander.com","https://wordpress.org/plugins/selling-commander-connector/","reject_or_low_priority","unknown","unknown","unknown","unknown","unknown"
"616","3","last-users-order-column-for-woocommerce","Last Users Order Column for WooCommerce","wpgenie2","70","2026-05-21 8:57am GMT","53","100","2","0","0","true","order","","false","https://wordpress.org/plugins/last-users-order-column-for-woocommerce/","https://wordpress.org/plugins/last-users-order-column-for-woocommerce/","reject_or_low_priority","unknown","unknown","unknown","unknown","unknown"
"617","3","rw-elephant-rental-inventory","RW Elephant Rental Inventory","rwelephant01","70","2026-05-27 6:46pm GMT","46","0","0","0","0","false","inventory; rental","","true","https://www.rwelephant.com/","https://wordpress.org/plugins/rw-elephant-rental-inventory/","reject_or_low_priority","unknown","unknown","unknown","unknown","unknown"
"618","3","auto-attachments-cleaner","Auto Attachments Cleaner","Stefano","60","2025-03-01 5:45pm GMT","498","100","3","0","0","false","","","true","https://www.stefanofattori.it/wordpress/plugins/","https://wordpress.org/plugins/auto-attachments-cleaner/","reject_or_low_priority","unknown","unknown","unknown","unknown","unknown"
"619","3","single-product-customizer","Single Product Page Customizer with Variation Swatches for WooCommerce","WebCartisan","60","2026-06-08 1:38pm GMT","34","100","4","0","0","false","variation","","true","http://webcartisan.com/single-product-page-customizer/","https://wordpress.org/plugins/single-product-customizer/","reject_or_low_priority","unknown","unknown","unknown","unknown","unknown"
"620","3","gst-for-woocommerce","GST for WooCommerce","Ashwani kumar","50","2024-09-19 7:48am GMT","662","0","0","0","0","false","","","true","https://www.tmdextensions.com/woocommerce-plugin/woocommerce-gst","https://wordpress.org/plugins/gst-for-woocommerce/","reject_or_low_priority","unknown","unknown","unknown","unknown","unknown"
"621","3","z-inventory-manager","Zintory &#8211; Inventory Manager","plainware","50","2026-07-04 4:14pm GMT","8","100","2","0","0","false","inventory; stock; warehouse","","true","https://www.zintory.com/","https://wordpress.org/plugins/z-inventory-manager/","reject_or_low_priority","unknown","unknown","unknown","unknown","unknown"
"622","3","o365-wp-restrict","Intranet and Extranet with O365 Login","Wordpress Integration Services","40","2025-09-08 8:34am GMT","308","100","5","0","0","false","","","true","http://wpintegrate.com","https://wordpress.org/plugins/o365-wp-restrict/","reject_or_low_priority","unknown","unknown","unknown","unknown","unknown"
"623","3","mds-product-bulk-editor-for-woocommerce","Product Bulk Editor for WooCommerce","MauroS","40","2026-06-07 10:17pm GMT","35","100","1","0","0","true","inventory","","false","","https://wordpress.org/plugins/mds-product-bulk-editor-for-woocommerce/","reject_or_low_priority","unknown","unknown","unknown","unknown","unknown"
"624","3","product-completion-emails-for-woocommerce","Product Completion Emails for WooCommerce","Pedro Miguel Martins","40","2026-07-02 4:15pm GMT","10","100","1","0","0","true","order","","false","https://wordpress.org/plugins/product-completion-emails-for-woocommerce","https://wordpress.org/plugins/product-completion-emails-for-woocommerce/","reject_or_low_priority","unknown","unknown","unknown","unknown","unknown"
"625","3","wisecampaign","wiseCampaign – Banners, Discounts &amp; Sales Notifications for WooCommerce","wisemattic","40","2026-05-12 11:59am GMT","61","100","4","0","0","false","stock; checkout","","true","https://wisemattic.com/wisecampaign","https://wordpress.org/plugins/wisecampaign/","reject_or_low_priority","unknown","unknown","unknown","unknown","unknown"
"626","3","new-custom-order-columns","New Custom Shop Order Columns","yakacj","30","2026-05-24 6:30am GMT","50","0","0","1","1","true","order","","false","","https://wordpress.org/plugins/new-custom-order-columns/","reject_or_low_priority","unknown","unknown","unknown","unknown","unknown"
"627","3","gfit-virtual-tryon","GFit Virtual Tryon","Girirajsinh","30","2025-01-17 12:00pm GMT","541","100","1","0","0","false","","","true","https://gvirtualtryon.gvtechnolab.in","https://wordpress.org/plugins/gfit-virtual-tryon/","reject_or_low_priority","unknown","unknown","unknown","unknown","unknown"
"628","3","channelunity-woocommerce-integration","Amazon, eBay, NewEgg, Walmart and more. WooCommerce Multichannel Integration by ChannelUnity","ChannelUnity","30","2026-06-18 4:37pm GMT","24","74","3","0","0","false","order; inventory","","true","http://www.channelunity.com/plugins/wc_cu_plugin.zip","https://wordpress.org/plugins/channelunity-woocommerce-integration/","reject_or_low_priority","unknown","unknown","unknown","unknown","unknown"
"629","3","order-picking-app","Order Picking App | Order Picking, Barcode Scanning &amp; Fulfillment for WooCommerce","Arture B.V.","30","2026-07-13 2:58pm GMT","0","90","6","0","0","true","order; fulfil; fulfill; inventory; warehouse","","false","","https://wordpress.org/plugins/order-picking-app/","reject_or_low_priority","unknown","unknown","unknown","unknown","unknown"
"630","3","simplify-for-woocommerce","Simplify for WooCommerce &#8211; Fix slow WooCommerce admin &amp; simplify","Quicksnail Plugins","30","2025-03-15 3:10am GMT","485","0","0","0","0","true","","","false","","https://wordpress.org/plugins/simplify-for-woocommerce/","reject_or_low_priority","unknown","unknown","unknown","unknown","unknown"
"631","3","o365-user-authentication","Office 365 User Authentication for WordPress","Wordpress Integration Services","20","2025-09-08 8:06am GMT","308","100","7","0","0","false","","","true","http://www.wpintegrate.com/","https://wordpress.org/plugins/o365-user-authentication/","reject_or_low_priority","unknown","unknown","unknown","unknown","unknown"
"632","3","precart","Pre-Orders for WooCommerce – PreCart","tasin07","20","2026-06-18 11:43am GMT","24","80","3","2","1","true","order; stock","","false","https://wordpress.org/plugins/precart","https://wordpress.org/plugins/precart/","reject_or_low_priority","unknown","unknown","unknown","unknown","unknown"
"633","3","channelsale","ChannelSale: WooCommerce Plugin to Sync Multi-Marketplace Product Listings, Orders","ChannelSale","20","2026-07-07 8:03am GMT","6","100","19","0","0","false","order","","false","","https://wordpress.org/plugins/channelsale/","reject_or_low_priority","unknown","unknown","unknown","unknown","unknown"
"634","3","really-simple-featured-audio","Really Simple Featured Audio &#8211; Sell Music, Samples &amp; Audio Products with WooCommerce","JetixWP Plugins","10","2025-12-29 9:45am GMT","196","0","0","0","0","false","","","true","https://jetixwp.com/plugins/really-simple-featured-audio","https://wordpress.org/plugins/really-simple-featured-audio/","reject_or_low_priority","unknown","unknown","unknown","unknown","unknown"
"635","3","loystar-woocommerce-loyalty-program","Loystar for WooCommerce","Loystar","10","2025-09-29 6:45pm GMT","286","100","1","0","0","false","","","true","https://loystar.co/wordpress","https://wordpress.org/plugins/loystar-woocommerce-loyalty-program/","reject_or_low_priority","unknown","unknown","unknown","unknown","unknown"
"636","3","bulk-edit-product-for-woocommerce","Bulk Edit Products – Price, Stock, SKU &amp; Inventory Manager for WooCommerce","theme funda","10","2026-03-08 12:03pm GMT","126","0","0","0","0","false","inventory; stock","","false","","https://wordpress.org/plugins/bulk-edit-product-for-woocommerce/","reject_or_low_priority","unknown","unknown","unknown","unknown","unknown"
"637","3","racar-one-account-per-cpf","RaCar One Account Per CPF","Rafa Carvalhido","0","2026-03-13 4:03pm GMT","121","0","0","0","0","true","","","true","https://profissionalwp.dev.br/","https://wordpress.org/plugins/racar-one-account-per-cpf/","reject_or_low_priority","unknown","unknown","unknown","unknown","unknown"
"638","3","next-wc-product-toolbox","Next Product Toolbox for WooCommerce","nxtweb","0","2025-05-13 4:20pm GMT","425","0","0","0","0","false","","","true","https://nxt-web.com/plugins/next-wc-product-toolbox/","https://wordpress.org/plugins/next-wc-product-toolbox/","reject_or_low_priority","unknown","unknown","unknown","unknown","unknown"
"639","3","next-wc-product-labels-badges","Next Product Labels &amp; Badges for WooCommerce","nxtweb","0","2025-05-13 4:17pm GMT","425","0","0","0","0","false","","","true","https://nxt-web.com/plugins/next-wc-product-labels-badges/","https://wordpress.org/plugins/next-wc-product-labels-badges/","reject_or_low_priority","unknown","unknown","unknown","unknown","unknown"
"640","3","geo-deals","Geo Deals","HikeOrders","0","2025-05-11 12:55pm GMT","427","0","0","0","0","false","","","true","https://hikeorders.com/trust/home/","https://wordpress.org/plugins/geo-deals/","reject_or_low_priority","unknown","unknown","unknown","unknown","unknown"
"641","3","miinto-feed-generator","Miinto Feed Generator","The Right Software","0","2025-01-16 5:36am GMT","543","0","0","0","0","false","","","true","http://therightsw.com/","https://wordpress.org/plugins/miinto-feed-generator/","reject_or_low_priority","unknown","unknown","unknown","unknown","unknown"
"642","3","feedagentx-connect","FeedAgentX – Connector for FeedAgentX.com","feedagentx","0","2026-07-06 7:17pm GMT","6","0","0","0","0","false","product feed","","true","https://www.feedagentx.com","https://wordpress.org/plugins/feedagentx-connect/","reject_or_low_priority","unknown","unknown","unknown","unknown","unknown"
"643","3","ekatra-co-shopping","Ekatra Co-Shopping","Ekatra Global Corp","0","2025-08-14 5:38am GMT","333","0","0","0","0","true","","","false","","https://wordpress.org/plugins/ekatra-co-shopping/","reject_or_low_priority","unknown","unknown","unknown","unknown","unknown"
"644","3","kratos-skin-for-wp-configurator-pro","Kratos Skin for WP Configurator Pro","WP Configurator","0","2025-11-06 5:50am GMT","249","0","0","0","0","false","","","true","https://demo.wpconfiguratoraddons.com/product/kratos-skin-wp-configurator/","https://wordpress.org/plugins/kratos-skin-for-wp-configurator-pro/","reject_or_low_priority","unknown","unknown","unknown","unknown","unknown"
"645","3","tmy-globalization","Translatio","yushao","0","2024-03-12 1:32pm GMT","852","0","0","0","0","false","","","true","https://github.com/translatio-io/translatio","https://wordpress.org/plugins/tmy-globalization/","reject_or_low_priority","unknown","unknown","unknown","unknown","unknown"
"646","3","inventory-tracker-for-woocommerce","Inventory Tracker for WooCommerce","samiur6688","0","2026-05-29 9:54am GMT","45","0","0","0","0","true","inventory; stock","","false","","https://wordpress.org/plugins/inventory-tracker-for-woocommerce/","reject_or_low_priority","unknown","unknown","unknown","unknown","unknown"
"647","3","unified-inventory-manager-for-wc","Unified Inventory Manager For WooCommerce","Sajjad Hossain Sagor","0","2026-05-29 8:45pm GMT","44","0","0","0","0","true","inventory; stock; variation","","false","https://wordpress.org/plugins/unified-inventory-manager-for-wc/","https://wordpress.org/plugins/unified-inventory-manager-for-wc/","reject_or_low_priority","unknown","unknown","unknown","unknown","unknown"
"648","2","wordpress-seo","Yoast SEO &#8211; Advanced SEO with real-time guidance and built-in AI","Yoast","10000000","2026-07-06 8:51am GMT","7","96","27813","59","54","false","","","true","https://yoa.st/1uj","https://wordpress.org/plugins/wordpress-seo/","reject_or_low_priority","unknown","unknown","unknown","unknown","unknown"
"649","2","wordfence","Wordfence Security &#8211; Firewall, Malware Scan, and Login Security","Mark Maunder","5000000","2026-05-13 3:42pm GMT","60","94","4949","152","125","false","","","true","https://www.wordfence.com/","https://wordpress.org/plugins/wordfence/","reject_or_low_priority","unknown","unknown","unknown","unknown","unknown"
"650","2","seo-by-rank-math","Rank Math SEO – AI SEO Tools to Dominate SEO Rankings","Rank Math SEO","4000000","2026-06-30 11:48am GMT","12","96","7462","52","47","false","","","true","https://rankmath.com/","https://wordpress.org/plugins/seo-by-rank-math/","reject_or_low_priority","unknown","unknown","unknown","unknown","unknown"
"651","2","all-in-one-seo-pack","All in One SEO – AI SEO Plugin to Boost SEO Rankings &amp; Traffic (Schema, Local SEO, Sitemap &amp; SEO Insights)","Syed Balkhi","3000000","2026-07-08 2:11pm GMT","4","94","5167","28","28","false","","","true","https://aioseo.com/","https://wordpress.org/plugins/all-in-one-seo-pack/","reject_or_low_priority","unknown","unknown","unknown","unknown","unknown"
"652","2","mailchimp-for-wp","MC4WP: Mailchimp for WordPress","Danny van Kooten","1000000","2026-06-22 10:26am GMT","20","96","1497","6","6","false","","","true","https://www.mc4wp.com/#utm_source=wp-plugin&utm_medium=mailchimp-for-wp&utm_campaign=plugins-page","https://wordpress.org/plugins/mailchimp-for-wp/","reject_or_low_priority","unknown","unknown","unknown","unknown","unknown"
"653","2","gtranslate","Translate WordPress with GTranslate","edo888","900000","2026-06-05 4:05pm GMT","37","98","4925","32","32","false","","","true","https://gtranslate.io/?xyz=998","https://wordpress.org/plugins/gtranslate/","reject_or_low_priority","unknown","unknown","unknown","unknown","unknown"
"654","2","polylang","Polylang","Chouby","800000","2026-06-16 7:33am GMT","27","94","2961","18","4","false","","","true","https://polylang.pro","https://wordpress.org/plugins/polylang/","reject_or_low_priority","unknown","unknown","unknown","unknown","unknown"
"655","2","cleantalk-spam-protect","CleanTalk Anti-Spam. Spam Firewall &amp; Bot protection","CleanTalk Inc","200000","2026-07-13 4:55am GMT","0","96","3196","78","72","false","","","true","https://cleantalk.org","https://wordpress.org/plugins/cleantalk-spam-protect/","reject_or_low_priority","unknown","unknown","unknown","unknown","unknown"
"656","2","iubenda-cookie-law-solution","iubenda | All-in-one Compliance for GDPR / CCPA Cookie Consent + more","iubenda","200000","2026-06-15 3:52pm GMT","27","94","393","2","0","false","","","true","https://www.iubenda.com","https://wordpress.org/plugins/iubenda-cookie-law-solution/","reject_or_low_priority","unknown","unknown","unknown","unknown","unknown"
"657","2","tiktok-for-business","TikTok","TikTok","200000","2026-04-09 8:57pm GMT","94","36","39","2","0","false","","","false","https://wordpress.org/plugins/tiktok-for-business","https://wordpress.org/plugins/tiktok-for-business/","reject_or_low_priority","unknown","unknown","unknown","unknown","unknown"
"658","2","shopengine","ShopEngine Elementor WooCommerce Builder Addon – All in One WooCommerce Solution","Roxnor","100000","2026-07-12 7:46am GMT","1","92","211","2","2","false","variation","elementor","true","https://wpmet.com/plugin/shopengine","https://wordpress.org/plugins/shopengine/","reject_or_low_priority","unknown","unknown","unknown","unknown","unknown"
"659","2","simple-cloudflare-turnstile","Simple CAPTCHA with Cloudflare Turnstile","Elliot Sowersby / RelyWP","100000","2026-06-22 9:38pm GMT","20","94","251","37","33","false","","","false","","https://wordpress.org/plugins/simple-cloudflare-turnstile/","reject_or_low_priority","unknown","unknown","unknown","unknown","unknown"
"660","2","wpconsent-cookies-banner-privacy-suite","WPConsent – Cookie Banner &amp; Cookie Consent for Privacy Compliance (GDPR / CCPA / EU Compliance Cookie Notice)","Syed Balkhi","100000","2026-06-24 10:21am GMT","18","96","66","6","3","false","","","false","","https://wordpress.org/plugins/wpconsent-cookies-banner-privacy-suite/","reject_or_low_priority","unknown","unknown","unknown","unknown","unknown"
"661","2","customer-reviews-woocommerce","Customer Reviews for WooCommerce","CusRev","80000","2026-07-06 1:24am GMT","7","96","1524","19","17","false","","","false","https://wordpress.org/plugins/customer-reviews-woocommerce/","https://wordpress.org/plugins/customer-reviews-woocommerce/","reject_or_low_priority","unknown","unknown","unknown","unknown","unknown"
"662","2","woo-product-feed-pro","Product Feed PRO for WooCommerce by AdTribes – Product Feeds for WooCommerce","Josh Kohlbach","80000","2026-07-10 4:21am GMT","3","94","1061","32","29","false","catalog; product feed","facebook","true","https://www.adtribes.io/support/?utm_source=wpadmin&utm_medium=plugin&utm_campaign=woosea_product_feed_pro","https://wordpress.org/plugins/woo-product-feed-pro/","reject_or_low_priority","unknown","unknown","unknown","unknown","unknown"
"663","2","surecart","SureCart &#8211; Ecommerce Made Easy For Selling Physical Products, Digital Downloads, Subscriptions, Donations, &amp; Payments","SureCart","80000","2026-07-01 7:00pm GMT","11","96","273","2","2","false","subscription","payment; stripe","true","https://surecart.com/","https://wordpress.org/plugins/surecart/","reject_or_low_priority","unknown","unknown","unknown","unknown","unknown"
"664","2","woocommerce-shipping","WooCommerce Shipping","WooCommerce","70000","2026-06-30 4:53pm GMT","12","42","17","9","8","true","shipping","","true","https://woocommerce.com/products/shipping/","https://wordpress.org/plugins/woocommerce-shipping/","reject_or_low_priority","unknown","unknown","unknown","unknown","unknown"
"665","2","kliken-marketing-for-google","AI Powered Marketing","kliken","50000","2026-05-20 7:29pm GMT","53","54","29","0","0","true","","marketing; analytics","true","https://woo.kliken.com/","https://wordpress.org/plugins/kliken-marketing-for-google/","reject_or_low_priority","unknown","unknown","unknown","unknown","unknown"
"666","2","wt-smart-coupons-for-woocommerce","Smart Coupons For WooCommerce Coupons","WebToffee","30000","2026-05-14 6:12am GMT","60","94","132","3","3","true","shipping","","false","","https://wordpress.org/plugins/wt-smart-coupons-for-woocommerce/","reject_or_low_priority","unknown","unknown","unknown","unknown","unknown"
"667","2","autocomplete-woocommerce-orders","Autocomplete WooCommerce Orders","quadlayers","30000","2026-06-28 3:47pm GMT","14","92","137","0","0","false","order; subscription","payment","false","https://wordpress.org/plugins/autocomplete-woocommerce-orders/","https://wordpress.org/plugins/autocomplete-woocommerce-orders/","reject_or_low_priority","unknown","unknown","unknown","unknown","unknown"
"668","2","woo-mailerlite","MailerLite &#8211; WooCommerce integration","MailerLite","30000","2026-07-13 9:02am GMT","0","58","63","1","0","true","","marketing","true","https://mailerlite.com","https://wordpress.org/plugins/woo-mailerlite/","reject_or_low_priority","unknown","unknown","unknown","unknown","unknown"
"669","2","woo-paystack","Paystack WooCommerce Payment Gateway","paystack","30000","2026-07-02 11:46am GMT","10","90","25","1","0","true","","payment","true","https://paystack.com","https://wordpress.org/plugins/woo-paystack/","reject_or_low_priority","unknown","unknown","unknown","unknown","unknown"
"670","2","woocommerce-abandoned-cart","Abandoned Cart Lite for WooCommerce","tychesoftwares","20000","2026-06-23 4:42am GMT","20","82","86","2","2","true","","","true","http://www.tychesoftwares.com/store/premium-plugins/woocommerce-abandoned-cart-pro","https://wordpress.org/plugins/woocommerce-abandoned-cart/","reject_or_low_priority","unknown","unknown","unknown","unknown","unknown"
"671","2","bosa-elementor-for-woocommerce","Bosa Elementor Addons and Templates for WooCommerce","Bosa Themes","20000","2026-07-01 12:32pm GMT","11","92","27","0","0","false","","elementor","true","https://bosathemes.com/bosa-elementor-for-woocommerce","https://wordpress.org/plugins/bosa-elementor-for-woocommerce/","reject_or_low_priority","unknown","unknown","unknown","unknown","unknown"
"672","2","upi-qr-code-payment-for-woocommerce","UPI QR Code Payment Gateway for WooCommerce","knitpay","20000","2026-06-04 10:15am GMT","38","96","250","0","0","true","","payment","false","https://wordpress.org/plugins/upi-qr-code-payment-for-woocommerce/","https://wordpress.org/plugins/upi-qr-code-payment-for-woocommerce/","reject_or_low_priority","unknown","unknown","unknown","unknown","unknown"
"673","2","yith-woocommerce-zoom-magnifier","YITH WooCommerce Product Gallery &amp; Image Zoom","YITHEMES","20000","2026-06-22 3:35pm GMT","20","72","71","0","0","true","","","true","https://yithemes.com/themes/plugins/yith-woocommerce-zoom-magnifier/","https://wordpress.org/plugins/yith-woocommerce-zoom-magnifier/","reject_or_low_priority","unknown","unknown","unknown","unknown","unknown"
"674","2","funnelkit-stripe-woo-payment-gateway","FunnelKit Payment Gateway for Stripe WooCommerce","FunnelKit","20000","2026-05-21 6:48am GMT","53","98","52","1","1","false","","payment; stripe","true","https://www.funnelkit.com/","https://wordpress.org/plugins/funnelkit-stripe-woo-payment-gateway/","reject_or_low_priority","unknown","unknown","unknown","unknown","unknown"
"675","2","wp-dark-mode","WP Dark Mode &#8211; Improve Accessibility with AI Powered Dark Theme","WPPOOL","20000","2026-06-24 11:32am GMT","18","90","389","3","3","false","","theme","true","https://wppool.dev/wp-dark-mode","https://wordpress.org/plugins/wp-dark-mode/","reject_or_low_priority","unknown","unknown","unknown","unknown","unknown"
"676","2","wp-marketing-automations","FunnelKit Automations &#8211; Email Marketing Automation and CRM for WordPress &amp; WooCommerce","FunnelKit","20000","2026-07-01 12:16pm GMT","11","100","341","0","0","false","","marketing","true","https://funnelkit.com/wordpress-marketing-automation-autonami/","https://wordpress.org/plugins/wp-marketing-automations/","reject_or_low_priority","unknown","unknown","unknown","unknown","unknown"
"677","2","product-enquiry-for-woocommerce","Product Enquiry for WooCommerce (Now with AI Assistant)","WisdmLabs","10000","2026-06-22 12:25pm GMT","20","82","67","0","0","false","quote","","false","https://wordpress.org/plugins/product-enquiry-for-woocommerce","https://wordpress.org/plugins/product-enquiry-for-woocommerce/","reject_or_low_priority","unknown","unknown","unknown","unknown","unknown"
"678","2","content-egg","Content Egg – Affiliate Product Importer &amp; Price Comparison","keywordrush","10000","2026-07-07 3:09pm GMT","5","76","51","1","1","false","","marketing; ai content; affiliate","true","https://www.keywordrush.com/contentegg","https://wordpress.org/plugins/content-egg/","reject_or_low_priority","unknown","unknown","unknown","unknown","unknown"
"679","2","shopbuilder","ShopBuilder &#8211; WooCommerce Builder For Elementor","RadiusTheme","10000","2026-06-16 9:34am GMT","27","94","17","0","0","false","","elementor","true","https://shopbuilderwp.com/","https://wordpress.org/plugins/shopbuilder/","reject_or_low_priority","unknown","unknown","unknown","unknown","unknown"
"680","2","email-customizer-for-woocommerce","Email Customizer for WooCommerce | Drag and Drop Email Templates Builder","ThemeHigh","9000","2026-06-11 7:17am GMT","32","86","43","0","0","true","","","true","https://www.themehigh.com/product/woocommerce-email-customizer","https://wordpress.org/plugins/email-customizer-for-woocommerce/","reject_or_low_priority","unknown","unknown","unknown","unknown","unknown"
"681","2","eu-vat-for-woocommerce","EU/UK VAT Validation Manager for WooCommerce","WPFactory","6000","2026-07-13 7:40pm GMT","0","96","37","2","1","true","","","true","https://wpfactory.com/item/eu-vat-for-woocommerce/","https://wordpress.org/plugins/eu-vat-for-woocommerce/","reject_or_low_priority","unknown","unknown","unknown","unknown","unknown"
"682","2","smart-woocommerce-search","Sokol: Smart WooCommerce Search","YummyWP","6000","2026-05-24 1:08am GMT","50","88","24","2","0","false","","analytics","true","https://www.wpsmartsearch.com/","https://wordpress.org/plugins/smart-woocommerce-search/","reject_or_low_priority","unknown","unknown","unknown","unknown","unknown"
"683","2","activecampaign-for-woocommerce","ActiveCampaign for WooCommerce","ActiveCampaign","6000","2026-06-24 8:44am GMT","19","80","48","1","0","false","","marketing","true","https://www.activecampaign.com/","https://wordpress.org/plugins/activecampaign-for-woocommerce/","reject_or_low_priority","unknown","unknown","unknown","unknown","unknown"
"684","2","deposits-partial-payments-for-woocommerce","Deposits &amp; Partial Payments for WooCommerce","acowebs","5000","2026-07-10 9:45am GMT","3","100","108","4","2","true","","payment","false","","https://wordpress.org/plugins/deposits-partial-payments-for-woocommerce/","reject_or_low_priority","unknown","unknown","unknown","unknown","unknown"
"685","2","mail-mint","Mail Mint &#8211; Email Marketing, Newsletter, Email Automation &amp; WooCommerce Emails","WPFunnels","5000","2026-07-06 12:13pm GMT","6","94","126","6","6","false","","marketing","true","https://getwpfunnels.com/email-marketing-automation-mail-mint/","https://wordpress.org/plugins/mail-mint/","reject_or_low_priority","unknown","unknown","unknown","unknown","unknown"
"686","2","product-input-fields-for-woocommerce","Product Input Fields for WooCommerce","tychesoftwares","4000","2026-06-16 12:46pm GMT","26","80","17","1","0","true","","","true","https://www.tychesoftwares.com/store/premium-plugins/product-input-fields-for-woocommerce/","https://wordpress.org/plugins/product-input-fields-for-woocommerce/","reject_or_low_priority","unknown","unknown","unknown","unknown","unknown"
"687","2","product-quantity-for-woocommerce","Min Max Step Quantity Limits Manager for WooCommerce","WPFactory","3000","2026-07-02 9:29pm GMT","10","98","51","5","2","true","","","true","https://wpfactory.com/item/product-quantity-for-woocommerce/","https://wordpress.org/plugins/product-quantity-for-woocommerce/","reject_or_low_priority","unknown","unknown","unknown","unknown","unknown"
"688","2","restore-paypal-standard-for-woocommerce","Restore PayPal Standard for WooCommerce","Scott Paterson","3000","2026-05-20 11:03pm GMT","53","100","8","0","0","true","","payment; paypal","true","https://wpplugin.org","https://wordpress.org/plugins/restore-paypal-standard-for-woocommerce/","reject_or_low_priority","unknown","unknown","unknown","unknown","unknown"
"689","2","cf7-zoho","WP Zoho for Contact Form 7, WPForms, Elementor, Formidable and Ninja Forms &#8211; CRM, Bigin","CRM Perks","3000","2026-07-05 12:04pm GMT","7","100","44","0","0","false","","elementor","true","https://www.crmperks.com/plugins/contact-form-plugins/contact-form-zoho-plugin/","https://wordpress.org/plugins/cf7-zoho/","reject_or_low_priority","unknown","unknown","unknown","unknown","unknown"
"690","2","woo-payrexx-gateway","Payrexx Payment Gateway for WooCommerce","payrexx","2000","2026-07-13 11:03am GMT","0","70","11","0","0","true","","payment","false","","https://wordpress.org/plugins/woo-payrexx-gateway/","reject_or_low_priority","unknown","unknown","unknown","unknown","unknown"
"691","2","custom-emails-for-woocommerce","Additional Custom Emails &amp; Recipients for WooCommerce","WPFactory","2000","2026-06-19 4:25pm GMT","23","100","18","0","0","true","","","true","https://wpfactory.com/item/custom-emails-for-woocommerce/","https://wordpress.org/plugins/custom-emails-for-woocommerce/","reject_or_low_priority","unknown","unknown","unknown","unknown","unknown"
"692","2","mxchat-basic","MxChat &#8211; AI Chatbot &amp; Content Generation for WordPress","MxChat","2000","2026-07-10 11:44am GMT","2","100","28","18","15","false","","chatbot","true","https://mxchat.ai/","https://wordpress.org/plugins/mxchat-basic/","reject_or_low_priority","unknown","unknown","unknown","unknown","unknown"
"693","2","global-payments-woocommerce","GlobalPayments Gateway Provider for WooCommerce","Global Payments","1000","2026-07-09 12:59pm GMT","3","60","2","1","0","true","","payment","true","https://github.com/globalpayments/globalpayments-woocommerce","https://wordpress.org/plugins/global-payments-woocommerce/","reject_or_low_priority","unknown","unknown","unknown","unknown","unknown"
"694","2","alma-gateway-for-woocommerce","Alma &#8211; Pay in installments or later for WooCommerce","Alma","1000","2026-07-02 11:19am GMT","10","74","6","0","0","true","","payment","true","https://docs.almapay.com/docs/woocommerce","https://wordpress.org/plugins/alma-gateway-for-woocommerce/","reject_or_low_priority","unknown","unknown","unknown","unknown","unknown"
"695","2","showcase-payment-options-icons","Showcase Payment Options (icons)","KNEET","1000","2025-07-29 5:54pm GMT","348","80","4","0","0","false","","payment","false","","https://wordpress.org/plugins/showcase-payment-options-icons/","reject_or_low_priority","unknown","unknown","unknown","unknown","unknown"
"696","2","darklup-lite-wp-dark-mode","Darklup &#8211; Enhanced WordPress Dark Mode, Dark Theme, Night Mode &amp; Accessibility Plugin","Darklup","1000","2026-04-27 9:33am GMT","77","90","44","0","0","false","","theme","true","https://darklup.com/","https://wordpress.org/plugins/darklup-lite-wp-dark-mode/","reject_or_low_priority","unknown","unknown","unknown","unknown","unknown"
"697","2","rzp-woocommerce","Razorpay Payment Links for WooCommerce","knitpay","1000","2026-06-18 8:47pm GMT","24","96","18","0","0","true","","payment","false","https://wordpress.org/plugins/rzp-woocommerce/","https://wordpress.org/plugins/rzp-woocommerce/","reject_or_low_priority","unknown","unknown","unknown","unknown","unknown"
"698","2","registration-form-for-woocommerce","Registration Form for WooCommerce","ThemeGrill","900","2026-07-01 11:52am GMT","11","100","3","1","1","false","","","false","","https://wordpress.org/plugins/registration-form-for-woocommerce/","reject_or_low_priority","unknown","unknown","unknown","unknown","unknown"
"699","2","login-with-vipps","Login with Vipps and MobilePay","WP Hosting AS","900","2026-06-17 9:31am GMT","26","100","4","1","0","false","","","false","https://wordpress.org/plugins/login-with-vipps/","https://wordpress.org/plugins/login-with-vipps/","reject_or_low_priority","unknown","unknown","unknown","unknown","unknown"
"700","2","payjustnow-for-woocommerce","PayJustNow for WooCommerce","pjnplugin","900","2026-03-25 10:36pm GMT","109","100","1","0","0","true","","payment","true","https://payjustnow.com/how-it-works","https://wordpress.org/plugins/payjustnow-for-woocommerce/","reject_or_low_priority","unknown","unknown","unknown","unknown","unknown"
"701","2","svea-checkout-for-woocommerce","Svea Checkout for WooCommerce","The Generation","800","2026-06-29 6:04am GMT","14","100","1","1","1","true","checkout; invoice","payment","false","https://wordpress.org/plugins/svea-checkout-for-woocommerce/","https://wordpress.org/plugins/svea-checkout-for-woocommerce/","reject_or_low_priority","unknown","unknown","unknown","unknown","unknown"
"702","2","email-tracker","Email Tracker","Prashant Baldha","800","2025-12-11 2:10pm GMT","213","88","21","0","0","false","","analytics","false","https://wordpress.org/plugins/email-tracker/","https://wordpress.org/plugins/email-tracker/","reject_or_low_priority","unknown","unknown","unknown","unknown","unknown"
"703","2","mergado-marketing-pack","Mergado Pack","MERGADO","700","2026-01-20 1:54pm GMT","173","72","17","0","0","false","","marketing","true","https://www.mergado.cz","https://wordpress.org/plugins/mergado-marketing-pack/","reject_or_low_priority","unknown","unknown","unknown","unknown","unknown"
"704","2","payment-gateway-for-authorize-net-for-woocommerce","Payment Gateway for Authorize.net for WooCommerce","Easy Payment","600","2026-06-30 9:39am GMT","13","100","2","4","4","true","checkout; subscription","payment","false","https://wordpress.org/plugins/payment-gateway-for-authorize-net-for-woocommerce/","https://wordpress.org/plugins/payment-gateway-for-authorize-net-for-woocommerce/","reject_or_low_priority","unknown","unknown","unknown","unknown","unknown"
"705","2","razorpay-subscriptions-for-woocommerce","Razorpay Subscriptions for WooCommerce","Razorpay","600","2026-06-01 6:13am GMT","42","66","6","1","0","false","subscription","payment","true","https://razorpay.com","https://wordpress.org/plugins/razorpay-subscriptions-for-woocommerce/","reject_or_low_priority","unknown","unknown","unknown","unknown","unknown"
"706","2","jcc-payment-gateway-for-wc","JCC Payment Gateway for Woocommerce","JCC Payment Systems","600","2025-12-23 12:31pm GMT","201","86","3","0","0","true","","payment","false","","https://wordpress.org/plugins/jcc-payment-gateway-for-wc/","reject_or_low_priority","unknown","unknown","unknown","unknown","unknown"
"707","2","woo-clover-gateway-by-zaytech","Clover Payment Gateway by Zaytech for WooCommerce","ZAYTECH","500","2026-06-26 5:48pm GMT","16","68","7","0","0","true","order","payment","false","https://wordpress.org/plugins/woo-clover-gateway-by-zaytech/","https://wordpress.org/plugins/woo-clover-gateway-by-zaytech/","reject_or_low_priority","unknown","unknown","unknown","unknown","unknown"
"708","2","monei","MONEI Payments for WooCommerce","monei","500","2026-03-26 4:07pm GMT","108","100","45","0","0","true","","payment; paypal","false","https://wordpress.org/plugins/monei/","https://wordpress.org/plugins/monei/","reject_or_low_priority","unknown","unknown","unknown","unknown","unknown"
"709","2","wp-woo-product-social-share","Social Share For WooCommerce","Kuldip Makadiya","500","2022-07-21 10:53am GMT","1452","68","5","0","0","false","","","false","","https://wordpress.org/plugins/wp-woo-product-social-share/","reject_or_low_priority","unknown","unknown","unknown","unknown","unknown"
"710","2","woo-wallee","wallee","wallee","400","2026-07-07 8:59am GMT","6","54","9","0","0","true","invoice","payment","false","https://wordpress.org/plugins/woo-wallee","https://wordpress.org/plugins/woo-wallee/","reject_or_low_priority","unknown","unknown","unknown","unknown","unknown"
"711","2","newsmanapp","NewsmanApp","NewsMAN","400","2026-05-28 2:54pm GMT","45","80","3","0","0","false","subscription","marketing; analytics","true","https://github.com/Newsman/WP-Plugin-NewsmanApp","https://wordpress.org/plugins/newsmanapp/","reject_or_low_priority","unknown","unknown","unknown","unknown","unknown"
"712","2","affiliatewp-store-credit","AffiliateWP &#8211; Store Credit","Syed Balkhi","400","2024-10-24 7:03pm GMT","626","60","4","0","0","false","","affiliate","true","https://affiliatewp.com/addons/store-credit/","https://wordpress.org/plugins/affiliatewp-store-credit/","reject_or_low_priority","unknown","unknown","unknown","unknown","unknown"
"713","2","gazchaps-woocommerce-purchase-order-payment-gateway","GazChap&#039;s WooCommerce Purchase Order Payment Gateway","gazchap","200","2026-05-21 10:32am GMT","52","100","3","0","0","false","order; purchase order","payment","true","https://www.gazchap.com/posts/woocommerce-purchase-order-payment-gateway","https://wordpress.org/plugins/gazchaps-woocommerce-purchase-order-payment-gateway/","reject_or_low_priority","unknown","unknown","unknown","unknown","unknown"
"714","2","billmate-checkout-for-woocommerce","Qvickly Checkout for WooCommerce","Billmate","100","2026-04-28 8:42am GMT","76","0","0","0","0","false","checkout; invoice","payment","true","https://github.com/Billmate/billmate-checkout-for-woocommerce","https://wordpress.org/plugins/billmate-checkout-for-woocommerce/","reject_or_low_priority","unknown","unknown","unknown","unknown","unknown"
"715","2","novamodule-woocommerce","Nova Module Woocommerce","ravikasarla","100","2026-05-20 7:54am GMT","54","0","0","0","0","false","","","false","","https://wordpress.org/plugins/novamodule-woocommerce/","reject_or_low_priority","unknown","unknown","unknown","unknown","unknown"
"716","2","blanka","Blanka private label beauty &amp; skincare products app for WooCommerce","blankadoug","100","2026-04-20 11:05pm GMT","83","100","3","0","0","false","shipping","dropship","true","https://blankabrand.com","https://wordpress.org/plugins/blanka/","reject_or_low_priority","unknown","unknown","unknown","unknown","unknown"
"717","2","traderunner","Trade Runner","tmtraderunner","100","2026-07-13 3:58am GMT","0","100","3","0","0","false","","","false","","https://wordpress.org/plugins/traderunner/","reject_or_low_priority","unknown","unknown","unknown","unknown","unknown"
"718","2","omnivore","Omnivore","citybeachsoftware","100","2026-07-13 3:57am GMT","0","68","5","0","0","false","","","false","","https://wordpress.org/plugins/omnivore/","reject_or_low_priority","unknown","unknown","unknown","unknown","unknown"
"719","2","wcb-configurator-builder","WCB | WP Configurator Builder &#8211; Product Configurators Made Simple","Dons Digital","100","2026-06-19 8:54pm GMT","23","100","2","2","2","false","","","false","https://wordpress.org/plugins/wcb-configurator-builder/","https://wordpress.org/plugins/wcb-configurator-builder/","reject_or_low_priority","unknown","unknown","unknown","unknown","unknown"
"720","2","woo-visma-integration","Visma for WooCommerce","Wetail","70","2026-07-09 11:48am GMT","3","0","0","0","0","false","order","","false","","https://wordpress.org/plugins/woo-visma-integration/","reject_or_low_priority","unknown","unknown","unknown","unknown","unknown"
"721","2","wc-reports-lite","WooReports — Advanced Reporting for WooCommerce","NikanWP","70","2026-04-03 6:53pm GMT","100","100","1","0","0","true","order; stock","payment; analytics","true","https://nikanwp.com/product/woocommerce-reporting/","https://wordpress.org/plugins/wc-reports-lite/","reject_or_low_priority","unknown","unknown","unknown","unknown","unknown"
"722","2","nss-wooregistration-form","Nss Wooregistration Form","saiful.total","60","2025-01-20 11:28am GMT","538","100","2","0","0","false","","","false","https://wordpress.org/plugins/nss-wooregistration-form","https://wordpress.org/plugins/nss-wooregistration-form/","reject_or_low_priority","unknown","unknown","unknown","unknown","unknown"
"723","2","complete-product-cleaner-for-woocommerce","Complete Product Cleaner for WooCommerce","Dhiraj Patra","50","2026-01-25 10:40am GMT","168","100","1","0","0","true","","","false","https://wordpress.org/plugins/complete-product-cleaner-for-woocommerce","https://wordpress.org/plugins/complete-product-cleaner-for-woocommerce/","reject_or_low_priority","unknown","unknown","unknown","unknown","unknown"
"724","2","mylerz","Mylerz","mylerz","40","2026-05-11 9:38am GMT","63","60","4","0","0","false","shipping; delivery","","false","","https://wordpress.org/plugins/mylerz/","reject_or_low_priority","unknown","unknown","unknown","unknown","unknown"
"725","2","limepay-woocommerce-gateway","Limepay WooCommerce Gateway","Limepay","40","2023-12-14 5:41am GMT","942","0","0","0","0","false","checkout","payment","true","https://docs.limepay.com.au/developer-portal/checkout/woocommerce/","https://wordpress.org/plugins/limepay-woocommerce-gateway/","reject_or_low_priority","unknown","unknown","unknown","unknown","unknown"
"726","2","wpc-product-qr-code","WPC Product QR Code for WooCommerce","WPClever","30","2026-07-03 8:29am GMT","10","0","0","0","0","true","","","true","https://wpclever.net/","https://wordpress.org/plugins/wpc-product-qr-code/","reject_or_low_priority","unknown","unknown","unknown","unknown","unknown"
"727","2","philia-integration","Philia Integration with WooCommerce","Philia Solutions","30","2026-06-23 2:09pm GMT","19","100","1","0","0","false","invoice","","false","","https://wordpress.org/plugins/philia-integration/","reject_or_low_priority","unknown","unknown","unknown","unknown","unknown"
"728","2","eu-withdrawal-button-lite","EU Withdrawal Button for Woo","manapoint","10","2026-06-19 4:45pm GMT","23","100","1","2","2","true","","","true","https://manapoint.lemonsqueezy.com","https://wordpress.org/plugins/eu-withdrawal-button-lite/","reject_or_low_priority","unknown","unknown","unknown","unknown","unknown"
"729","2","product-purchase-notifications","Product Purchase Notifications","Bitcraftx","10","2025-06-25 6:01am GMT","383","100","3","0","0","false","","","false","","https://wordpress.org/plugins/product-purchase-notifications/","reject_or_low_priority","unknown","unknown","unknown","unknown","unknown"
"730","2","finalpos","Final POS &#8211; Drag &amp; Drop Point of Sale Builder","Final POS","10","2026-04-10 1:37pm GMT","93","100","2","0","0","true","","","false","","https://wordpress.org/plugins/finalpos/","reject_or_low_priority","unknown","unknown","unknown","unknown","unknown"
"731","2","zeleri-woo-oficial","Zeleri Pay","Zeleri","10","2026-07-06 9:48pm GMT","6","0","0","0","0","true","","","true","https://zeleri.com","https://wordpress.org/plugins/zeleri-woo-oficial/","reject_or_low_priority","unknown","unknown","unknown","unknown","unknown"
"732","2","variation-stock-inventory","Stock Multiplier for WooCommerce","Astrid Web Technology LLP","10","2026-05-26 12:45pm GMT","47","0","0","0","0","false","inventory; stock","","false","https://wordpress.org/plugins/variation-stock-inventory","https://wordpress.org/plugins/variation-stock-inventory/","reject_or_low_priority","unknown","unknown","unknown","unknown","unknown"
"733","2","advatix-fep-api-connection","Advatix FEP API Connection","advatix","0","2025-12-26 12:28pm GMT","198","0","0","0","0","false","","","false","","https://wordpress.org/plugins/advatix-fep-api-connection/","reject_or_low_priority","unknown","unknown","unknown","unknown","unknown"
"734","2","april-payment-gateway-for-woocommerce","April Payment Gateway for WooCommerce","aprilcloudaccount","0","2025-05-22 4:52am GMT","417","0","0","0","0","false","checkout","payment","true","https://docs.meetapril.io/developer-portal/checkout/woocommerce/","https://wordpress.org/plugins/april-payment-gateway-for-woocommerce/","reject_or_low_priority","unknown","unknown","unknown","unknown","unknown"
"735","2","softwear-for-woocommerce","Softwear for woocommerce","TechDog","0","2025-09-25 3:15pm GMT","290","0","0","0","0","true","order","payment","false","","https://wordpress.org/plugins/softwear-for-woocommerce/","reject_or_low_priority","unknown","unknown","unknown","unknown","unknown"
"736","2","bulk-woo-discount","Bulk Woo Discount","Nikita Solanki","0","2024-04-17 10:56am GMT","816","0","0","0","0","false","","","false","","https://wordpress.org/plugins/bulk-woo-discount/","reject_or_low_priority","unknown","unknown","unknown","unknown","unknown"
"737","2","dppbuilder","DPPBuilder – Digital Product Passports for WooCommerce","PluginWave (Cosmin)","0","2025-08-28 9:55am GMT","319","0","0","0","0","false","","","false","","https://wordpress.org/plugins/dppbuilder/","reject_or_low_priority","unknown","unknown","unknown","unknown","unknown"
"738","1","wp-reviews-plugin-for-google","Widgets for Google Reviews","Trustindex","900000","2026-06-24 2:17pm GMT","18","98","2602","31","27","false","","","false","https://wordpress.org/plugins/wp-reviews-plugin-for-google/","https://wordpress.org/plugins/wp-reviews-plugin-for-google/","reject_or_low_priority","unknown","unknown","unknown","unknown","unknown"
"739","1","woo-stripe-payment","Payment Plugins for Stripe WooCommerce","Payment Plugins","100000","2026-07-12 6:16pm GMT","0","96","297","38","29","true","","payment; stripe","true","https://paymentplugins.com/documentation/stripe/","https://wordpress.org/plugins/woo-stripe-payment/","reject_or_low_priority","unknown","unknown","unknown","unknown","unknown"
"740","1","woocommerce-mercadopago","Mercado Pago payments for WooCommerce","Mercado Pago","100000","2026-06-29 8:14pm GMT","13","78","691","9","8","true","","payment","true","https://github.com/mercadopago/cart-woocommerce","https://wordpress.org/plugins/woocommerce-mercadopago/","reject_or_low_priority","unknown","unknown","unknown","unknown","unknown"
"741","1","mollie-payments-for-woocommerce","Mollie Payments for WooCommerce","Mollie","100000","2026-07-01 10:43am GMT","11","70","69","11","4","true","","payment","true","https://www.mollie.com","https://wordpress.org/plugins/mollie-payments-for-woocommerce/","reject_or_low_priority","unknown","unknown","unknown","unknown","unknown"
"742","1","pymntpl-paypal-woocommerce","Payment Plugins for PayPal WooCommerce","Payment Plugins","80000","2026-07-08 4:23pm GMT","4","98","124","20","16","true","","payment; paypal","true","https://docs.paymentplugins.com/wc-paypal/config/","https://wordpress.org/plugins/pymntpl-paypal-woocommerce/","reject_or_low_priority","unknown","unknown","unknown","unknown","unknown"
"743","1","reddit-for-woocommerce","Reddit for WooCommerce","WooCommerce","70000","2026-01-22 8:31pm GMT","171","100","1","1","0","true","product feed","","false","","https://wordpress.org/plugins/reddit-for-woocommerce/","reject_or_low_priority","unknown","unknown","unknown","unknown","unknown"
"744","1","filter-everything","Filter Everything&nbsp;— WordPress &amp; WooCommerce Filters","stepasyuk","50000","2026-07-13 9:16pm GMT","0","92","145","21","18","false","","elementor","true","https://filtereverything.pro","https://wordpress.org/plugins/filter-everything/","reject_or_low_priority","unknown","unknown","unknown","unknown","unknown"
"745","1","wt-woocommerce-sequential-order-numbers","Sequential Order Number for WooCommerce","WebToffee","50000","2026-06-23 12:01pm GMT","19","98","145","1","1","false","order","","false","https://wordpress.org/plugins/wt-woocommerce-sequential-order-numbers/","https://wordpress.org/plugins/wt-woocommerce-sequential-order-numbers/","reject_or_low_priority","unknown","unknown","unknown","unknown","unknown"
"746","1","zarinpal-woocommerce-payment-gateway","افزونه پرداخت امن زرین‌پال برای ووکامرس (ZarinPal for WooCommerce)","zarinpal","50000","2026-07-13 1:56pm GMT","0","70","13","0","0","false","","payment","true","https://zarinpal.com","https://wordpress.org/plugins/zarinpal-woocommerce-payment-gateway/","reject_or_low_priority","unknown","unknown","unknown","unknown","unknown"
"747","1","omnisend-connect","Email Marketing for WooCommerce by Omnisend","Omnisend","40000","2026-07-01 10:36am GMT","11","98","168","4","4","false","","marketing","true","https://www.omnisend.com","https://wordpress.org/plugins/omnisend-connect/","reject_or_low_priority","unknown","unknown","unknown","unknown","unknown"
"748","1","woocommerce-google-adwords-conversion-tracking-tag","Pixel Manager for WooCommerce – Conversion Tracking, Google Ads, GA4, TikTok, Dynamic Remarketing","SweetCode","40000","2026-07-02 6:48am GMT","11","98","397","1","1","false","","facebook; google ads; marketing; analytics","true","https://sweetcode.com/plugins/pmw/","https://wordpress.org/plugins/woocommerce-google-adwords-conversion-tracking-tag/","reject_or_low_priority","unknown","unknown","unknown","unknown","unknown"
"749","1","woocommerce-sendinblue-newsletter-subscription","Brevo for WooCommerce","Brevo","30000","2026-06-17 10:43am GMT","25","64","46","1","1","false","","marketing","true","https://www.brevo.com/?r=wporg","https://wordpress.org/plugins/woocommerce-sendinblue-newsletter-subscription/","reject_or_low_priority","unknown","unknown","unknown","unknown","unknown"
"750","1","yith-woocommerce-ajax-search","YITH WooCommerce Ajax Search","YITHEMES","30000","2026-06-16 10:34am GMT","26","60","42","0","0","true","","","true","https://yithemes.com/themes/plugins/yith-woocommerce-ajax-search/","https://wordpress.org/plugins/yith-woocommerce-ajax-search/","reject_or_low_priority","unknown","unknown","unknown","unknown","unknown"
"751","1","woocommerce-gateway-amazon-payments-advanced","Amazon Pay for WooCommerce","WooCommerce","10000","2026-01-21 5:12pm GMT","172","50","27","1","1","false","checkout","payment","true","https://woocommerce.com/products/pay-with-amazon/","https://wordpress.org/plugins/woocommerce-gateway-amazon-payments-advanced/","reject_or_low_priority","unknown","unknown","unknown","unknown","unknown"
"752","1","genesis-connect-woocommerce","Genesis Connect for WooCommerce","Nathan Rice","10000","2026-06-02 2:00pm GMT","40","82","17","0","0","false","","theme","false","https://wordpress.org/plugins/genesis-connect-woocommerce/","https://wordpress.org/plugins/genesis-connect-woocommerce/","reject_or_low_priority","unknown","unknown","unknown","unknown","unknown"
"753","1","conditional-payments-for-woocommerce","Conditional Payments for WooCommerce","WP Trio","10000","2026-04-17 11:23am GMT","86","92","28","0","0","false","","payment","false","","https://wordpress.org/plugins/conditional-payments-for-woocommerce/","reject_or_low_priority","unknown","unknown","unknown","unknown","unknown"
"754","1","visa-acceptance-solutions","Visa Acceptance Solutions","Visa Acceptance Solutions","10000","2026-06-19 5:50pm GMT","23","0","0","0","0","true","","payment","false","","https://wordpress.org/plugins/visa-acceptance-solutions/","reject_or_low_priority","unknown","unknown","unknown","unknown","unknown"
"755","1","yith-woocommerce-brands-add-on","YITH WooCommerce Brands Add-On","YITHEMES","9000","2026-06-22 3:44pm GMT","20","80","7","0","0","true","","","true","https://yithemes.com/themes/plugins/yith-woocommerce-brands-add-on/","https://wordpress.org/plugins/yith-woocommerce-brands-add-on/","reject_or_low_priority","unknown","unknown","unknown","unknown","unknown"
"756","1","makewebbetter-hubspot-for-woocommerce","MWB HubSpot for WooCommerce &#8211; CRM, Abandoned Cart, Email Marketing, Marketing Automation &amp; Analytics","MakeWebBetter","7000","2026-04-15 5:55am GMT","89","76","55","0","0","false","","marketing; analytics","false","https://wordpress.org/plugins/makewebbetter-hubspot-for-woocommerce","https://wordpress.org/plugins/makewebbetter-hubspot-for-woocommerce/","reject_or_low_priority","unknown","unknown","unknown","unknown","unknown"
"757","1","toyyibpay-for-woocommerce","toyyibPay for WooCommerce","toyyibPay","6000","2026-04-11 3:52pm GMT","92","86","6","0","0","false","","payment","false","https://wordpress.org/plugins/toyyibpay-for-woocommerce/#installation","https://wordpress.org/plugins/toyyibpay-for-woocommerce/","reject_or_low_priority","unknown","unknown","unknown","unknown","unknown"
"758","1","billplz-for-woocommerce","Billplz for WooCommerce","Billplz Sdn Bhd","6000","2026-04-20 8:05am GMT","84","98","8","0","0","true","","payment","false","https://wordpress.org/plugins/billplz-for-woocommerce/","https://wordpress.org/plugins/billplz-for-woocommerce/","reject_or_low_priority","unknown","unknown","unknown","unknown","unknown"
"759","1","revolut-gateway-for-woocommerce","Revolut Gateway for WooCommerce","revolutbusiness","6000","2026-06-01 12:13pm GMT","41","64","45","7","2","false","","payment","false","https://wordpress.org/plugins/revolut-gateway-for-woocommerce/","https://wordpress.org/plugins/revolut-gateway-for-woocommerce/","reject_or_low_priority","unknown","unknown","unknown","unknown","unknown"
"760","1","customer-reviews-collector-for-woocommerce","Customer Reviews Collector for WooCommerce","Trustindex","5000","2026-05-28 9:05am GMT","46","94","23","4","1","false","","facebook","false","https://wordpress.org/plugins/customer-reviews-collector-for-woocommerce/","https://wordpress.org/plugins/customer-reviews-collector-for-woocommerce/","reject_or_low_priority","unknown","unknown","unknown","unknown","unknown"
"761","1","shopkeeper-extender","Shopkeeper Extender","Get Bowtied","5000","2026-06-12 10:44am GMT","30","100","1","0","0","false","","theme","true","https://shopkeeper.getbowtied.com","https://wordpress.org/plugins/shopkeeper-extender/","reject_or_low_priority","unknown","unknown","unknown","unknown","unknown"
"762","1","convertkit-for-woocommerce","Kit (formerly ConvertKit) for WooCommerce","nathanbarry","4000","2026-07-09 5:22am GMT","4","100","6","1","0","false","","marketing","true","https://www.kit.com","https://wordpress.org/plugins/convertkit-for-woocommerce/","reject_or_low_priority","unknown","unknown","unknown","unknown","unknown"
"763","1","edwiser-bridge","Edwiser Bridge – WordPress Moodle Integration","WisdmLabs","4000","2026-05-14 7:57am GMT","60","90","82","1","0","false","","","true","https://edwiser.org/bridge-wordpress-moodle-integration/","https://wordpress.org/plugins/edwiser-bridge/","reject_or_low_priority","unknown","unknown","unknown","unknown","unknown"
"764","1","woo-swish-e-commerce","BjornTech Swish for WooCommerce","bjorntech","2000","2026-05-29 10:22am GMT","44","92","20","0","0","false","","payment","false","https://wordpress.org/plugins/woo-swish-e-commerce/","https://wordpress.org/plugins/woo-swish-e-commerce/","reject_or_low_priority","unknown","unknown","unknown","unknown","unknown"
"765","1","omise","Omise Payments","Omise","2000","2026-06-09 7:09pm GMT","33","92","5","0","0","false","","payment","true","https://www.omise.co/woocommerce","https://wordpress.org/plugins/omise/","reject_or_low_priority","unknown","unknown","unknown","unknown","unknown"
"766","1","wc-peach-payments-gateway","Peach Payments Gateway","peachpayments","1000","2026-07-09 9:43am GMT","4","100","2","0","0","false","","payment","true","http://woothemes.com/products/peach-payments/","https://wordpress.org/plugins/wc-peach-payments-gateway/","reject_or_low_priority","unknown","unknown","unknown","unknown","unknown"
"767","1","woo-payment-gateway-officeguy","SUMIT Payment Gateway for WooCommerce","Effy Teva","1000","2026-07-01 2:26pm GMT","11","100","3","0","0","false","","payment","true","https://help.sumit.co.il/he/articles/5830000","https://wordpress.org/plugins/woo-payment-gateway-officeguy/","reject_or_low_priority","unknown","unknown","unknown","unknown","unknown"
"768","1","wt-eu-withdrawal-button","WebToffee EU Order Withdrawal Button for WooCommerce","WebToffee","800","2026-07-13 5:11am GMT","0","100","7","21","20","true","order","","false","https://www.wordpress.org/plugins/wt-eu-withdrawal-button","https://wordpress.org/plugins/wt-eu-withdrawal-button/","reject_or_low_priority","unknown","unknown","unknown","unknown","unknown"
"769","1","woo-izettle-integration","BjornTech PayPal POS integration for WooCommerce","bjorntech","700","2026-07-07 9:55am GMT","6","100","18","0","0","false","","paypal","true","https://www.bjorntech.com/woocommerce-zettle/?utm_source=wp-izettle&utm_medium=plugin&utm_campaign=product","https://wordpress.org/plugins/woo-izettle-integration/","reject_or_low_priority","unknown","unknown","unknown","unknown","unknown"
"770","1","esewa","eSewa &#8211; Nepal First Payment Gateway","eSewa Ltd","600","2024-10-15 9:18am GMT","636","100","1","0","0","false","","payment","false","","https://wordpress.org/plugins/esewa/","reject_or_low_priority","unknown","unknown","unknown","unknown","unknown"
"771","1","woo-picpay","QR Code PicPay for WooCommerce","Deividson Damasio","600","2022-10-06 7:10pm GMT","1375","100","23","0","0","false","","payment","true","https://github.com/dadeke/woo-picpay","https://wordpress.org/plugins/woo-picpay/","reject_or_low_priority","unknown","unknown","unknown","unknown","unknown"
"772","1","helio","Helio Pay (Accept 1-click crypto payments #USDC #SOL #BTC #ETH)","heliowp","500","2024-08-19 10:00am GMT","693","100","2","0","0","false","","payment; crypto","false","","https://wordpress.org/plugins/helio/","reject_or_low_priority","unknown","unknown","unknown","unknown","unknown"
"773","1","trust-payments-hosted-payment-pages-integration","Trust Payments Gateway for WooCommerce","Trust Payments","400","2026-04-29 9:08am GMT","75","0","0","1","0","true","","payment","true","https://www.trustpayments.com/","https://wordpress.org/plugins/trust-payments-hosted-payment-pages-integration/","reject_or_low_priority","unknown","unknown","unknown","unknown","unknown"
"774","1","woo-paydesign","metaps PAYMENT for WooCommerce","shohei.tanaka","300","2024-07-25 5:50am GMT","718","0","0","0","0","false","","payment","false","https://wordpress.org/plugins/woo-paydesign/","https://wordpress.org/plugins/woo-paydesign/","reject_or_low_priority","unknown","unknown","unknown","unknown","unknown"
"775","1","ni-woocommerce-cost-of-goods","Ni Cost of Goods for WooCommerce","Anzar Ahmed","300","2026-04-02 4:49pm GMT","101","70","4","0","0","true","","analytics","false","https://wordpress.org/plugins/ni-woocommerce-cost-of-goods/","https://wordpress.org/plugins/ni-woocommerce-cost-of-goods/","reject_or_low_priority","unknown","unknown","unknown","unknown","unknown"
"776","1","hblpay-payment-gateway-for-woocommerce","HBLPAY Payment Gateway for WooCommerce","hblpay","200","2026-05-21 6:25am GMT","53","100","1","0","0","false","checkout","payment","false","https://wordpress.org/plugins/hblpay-payment-gateway-for-woocommerce","https://wordpress.org/plugins/hblpay-payment-gateway-for-woocommerce/","reject_or_low_priority","unknown","unknown","unknown","unknown","unknown"
"777","1","payment-gateway-accept-blue-for-woocommerce","Payment gateway: accept.blue for WooCommerce","devurai","100","2026-03-02 12:12pm GMT","132","72","8","0","0","false","","payment","true","https://accept.pay.devurai.com/","https://wordpress.org/plugins/payment-gateway-accept-blue-for-woocommerce/","reject_or_low_priority","unknown","unknown","unknown","unknown","unknown"
"778","1","popcustoms-integration-for-woocommerce","Popcustoms &#8211; Print on demand &amp; dropshipping, Free Personalizer","popcustoms","100","2026-04-28 1:54am GMT","76","88","5","0","0","false","fulfil; fulfill; shipping","dropship","false","https://wordpress.org/plugins/popcustoms-for-woocommerce/","https://wordpress.org/plugins/popcustoms-integration-for-woocommerce/","reject_or_low_priority","unknown","unknown","unknown","unknown","unknown"
"779","1","epx-ecommerce","EPX Payment Gateway for WooCommerce","ahamoudi","100","2026-03-24 6:25am GMT","111","60","2","0","0","false","","payment","true","https://wordpress.com/plugins/epx-ecommerce","https://wordpress.org/plugins/epx-ecommerce/","reject_or_low_priority","unknown","unknown","unknown","unknown","unknown"
"780","1","xelation","Sync orders with Xero from WooCommerce &#8211; Xelation","glidedigital","90","2026-02-02 2:09pm GMT","160","100","5","0","0","false","order; inventory","payment","true","http://xelation.org/plugin","https://wordpress.org/plugins/xelation/","reject_or_low_priority","unknown","unknown","unknown","unknown","unknown"
"781","1","woopos-gift-cards-for-woocommerce","WooPOS Gift Cards for WooCommerce","WooPOS","90","2026-04-03 7:42pm GMT","100","100","1","0","0","false","","","false","","https://wordpress.org/plugins/woopos-gift-cards-for-woocommerce/","reject_or_low_priority","unknown","unknown","unknown","unknown","unknown"
"782","1","user-sync-for-azure-office365","User Sync for Azure AD / Azure B2C","miniOrange","70","2026-06-17 11:39am GMT","25","90","8","0","0","false","","","true","https://plugins.miniorange.com/","https://wordpress.org/plugins/user-sync-for-azure-office365/","reject_or_low_priority","unknown","unknown","unknown","unknown","unknown"
"783","1","gift-vouchers-for-woocommerce","Gift Vouchers for WooCommerce","World Web Technology","70","2026-07-01 1:31pm GMT","11","100","2","1","1","false","","","true","https://www.worldwebtechnology.com/","https://wordpress.org/plugins/gift-vouchers-for-woocommerce/","reject_or_low_priority","unknown","unknown","unknown","unknown","unknown"
"784","1","connectpos-pos-system-for-woocommerce","ConnectPOS | Point of Sale for WooCommerce","connectretail","70","2026-07-11 5:20am GMT","2","92","20","0","0","false","","","false","","https://wordpress.org/plugins/connectpos-pos-system-for-woocommerce/","reject_or_low_priority","unknown","unknown","unknown","unknown","unknown"
"785","1","wholesale-customers-for-woo","Wholesale Customers For WooCommerce","Jarryd Long","60","2026-04-13 5:39pm GMT","90","86","4","0","0","false","","","false","","https://wordpress.org/plugins/wholesale-customers-for-woo/","reject_or_low_priority","unknown","unknown","unknown","unknown","unknown"
"786","1","eselt-ebay-amazon-multichannel","Eselt","eselt","50","2026-06-18 7:56am GMT","25","100","2","0","0","true","","","false","","https://wordpress.org/plugins/eselt-ebay-amazon-multichannel/","reject_or_low_priority","unknown","unknown","unknown","unknown","unknown"
"787","1","vaocher-app","VaocherApp &#8211; Gift cards/vouchers system for WordPress &amp; WooCommerce","vaocherapp","40","2026-06-03 12:30pm GMT","39","0","0","0","0","false","","","true","http://vaocher-app","https://wordpress.org/plugins/vaocher-app/","reject_or_low_priority","unknown","unknown","unknown","unknown","unknown"
"788","1","collector-checkout-for-woocommerce","Walley Checkout for WooCommerce","Collector Bank","40","2026-05-28 12:13pm GMT","45","0","0","0","0","true","checkout","payment","true","https://krokedil.se/produkt/walley-checkout/","https://wordpress.org/plugins/collector-checkout-for-woocommerce/","reject_or_low_priority","unknown","unknown","unknown","unknown","unknown"
"789","1","queryra-ai-search","AI Search for WooCommerce – Semantic Search","queryra","30","2026-07-11 2:29pm GMT","1","100","1","3","3","false","","","true","https://queryra.com","https://wordpress.org/plugins/queryra-ai-search/","reject_or_low_priority","unknown","unknown","unknown","unknown","unknown"
"790","1","mobile-app-for-woocommerce","ShopApper: Mobile App for WooCommerce","weptile","30","2026-06-04 10:37am GMT","38","80","4","0","0","false","","","true","https://shopapper.com/","https://wordpress.org/plugins/mobile-app-for-woocommerce/","reject_or_low_priority","unknown","unknown","unknown","unknown","unknown"
"791","1","click-trail-handler","ClickTrail – UTM, Click ID &amp; Ad Tracking (with Consent)","Hugo Carvalho","20","2026-07-10 11:53am GMT","2","0","0","0","0","false","","","true","https://github.com/vizuh/click-trail-handler","https://wordpress.org/plugins/click-trail-handler/","reject_or_low_priority","unknown","unknown","unknown","unknown","unknown"
"792","1","store-restriction-for-woocommerce","Store Restriction for WooCommerce – Advanced B2B, Wholesale &amp; Content Visibility Control","VerseSofts","10","2026-04-19 1:34pm GMT","84","100","3","0","0","true","","","false","https://wordpress.org/plugins/store-restriction-for-woocommerce","https://wordpress.org/plugins/store-restriction-for-woocommerce/","reject_or_low_priority","unknown","unknown","unknown","unknown","unknown"
"793","1","unifiedsmb-for-woocommerce","UnifiedSMB for WooCommerce","TechDog","10","2026-02-23 10:51am GMT","139","0","0","0","0","true","order","payment","false","","https://wordpress.org/plugins/unifiedsmb-for-woocommerce/","reject_or_low_priority","unknown","unknown","unknown","unknown","unknown"
"794","1","woo-wallee-subscription","wallee Subscription","wallee","10","2025-08-11 11:59am GMT","335","0","0","0","0","false","subscription","payment","false","https://wordpress.org/plugins/woo-wallee-subscription","https://wordpress.org/plugins/woo-wallee-subscription/","reject_or_low_priority","unknown","unknown","unknown","unknown","unknown"
"795","1","wc-multi-currency-switcher","Currency Converter for WooCommerce","Xfinitysoft","10","2026-04-15 5:39am GMT","89","100","1","0","0","false","","","true","https://www.xfinitysoft.com","https://wordpress.org/plugins/wc-multi-currency-switcher/","reject_or_low_priority","unknown","unknown","unknown","unknown","unknown"
"796","1","listenlayer","ListenLayer &#8211; Cloud Data Layer Platform","Listenlayer","10","2026-04-08 4:08am GMT","96","0","0","0","0","false","","","false","http://wordpress.org/plugins/listenlayer/","https://wordpress.org/plugins/listenlayer/","reject_or_low_priority","unknown","unknown","unknown","unknown","unknown"
"797","1","wc-postfinance-checkout-subscription","PostFinance Checkout Subscription","wallee","10","2025-10-02 9:48am GMT","284","100","1","0","0","false","checkout; subscription","payment","false","https://wordpress.org/plugins/woo-postfinancecheckout-subscription","https://wordpress.org/plugins/wc-postfinance-checkout-subscription/","reject_or_low_priority","unknown","unknown","unknown","unknown","unknown"
"798","1","prorank-seo","ProRank SEO – All-in-One SEO &amp; Performance for WordPress","prorankseo","10","2026-07-10 3:57pm GMT","2","0","0","0","0","false","","","true","https://prorank.io","https://wordpress.org/plugins/prorank-seo/","reject_or_low_priority","unknown","unknown","unknown","unknown","unknown"
"799","1","sft-product-recommendations-for-woocommerce","SAFFIRE AI Product Recommendations for WooCommerce","SaffireTech","10","2026-05-29 2:33pm GMT","44","100","1","0","0","true","","","false","","https://wordpress.org/plugins/sft-product-recommendations-for-woocommerce/","reject_or_low_priority","unknown","unknown","unknown","unknown","unknown"
"800","1","deed-pay-woo","DEED Pay for WooCommerce","DEED","0","2026-06-02 4:52pm GMT","40","0","0","0","0","true","subscription","payment; crypto","true","https://about.usedeed.com/woocommerce","https://wordpress.org/plugins/deed-pay-woo/","reject_or_low_priority","unknown","unknown","unknown","unknown","unknown"
"801","0","google-listings-and-ads","Google for WooCommerce","WooCommerce","800000","2026-07-08 4:36pm GMT","4","54","266","35","31","true","product feed","","false","","https://wordpress.org/plugins/google-listings-and-ads/","reject_or_low_priority","unknown","unknown","unknown","unknown","unknown"
"802","0","woo-checkout-field-editor-pro","Checkout Field Editor (Checkout Manager) for WooCommerce","ThemeHigh","400000","2026-06-11 10:35am GMT","31","98","1055","9","9","false","checkout","","true","https://www.themehigh.com","https://wordpress.org/plugins/woo-checkout-field-editor-pro/","reject_or_low_priority","unknown","unknown","unknown","unknown","unknown"
"803","0","yith-woocommerce-compare","YITH WooCommerce Compare","YITHEMES","100000","2026-06-18 11:06am GMT","24","82","38","0","0","true","","","true","https://yithemes.com/themes/plugins/yith-woocommerce-compare/","https://wordpress.org/plugins/yith-woocommerce-compare/","reject_or_low_priority","unknown","unknown","unknown","unknown","unknown"
"804","0","yith-woocommerce-quick-view","YITH WooCommerce Quick View","YITHEMES","90000","2026-06-23 1:39pm GMT","19","76","27","0","0","true","","","true","https://yithemes.com/themes/plugins/yith-woocommerce-quick-view","https://wordpress.org/plugins/yith-woocommerce-quick-view/","reject_or_low_priority","unknown","unknown","unknown","unknown","unknown"
"805","0","woolentor-addons","ShopLentor – All-in-One WooCommerce Growth &amp; Store Enhancement Plugin","DevItems","90000","2026-07-12 3:35am GMT","1","90","272","1","1","false","","elementor","true","https://woolentor.com/","https://wordpress.org/plugins/woolentor-addons/","reject_or_low_priority","unknown","unknown","unknown","unknown","unknown"
"806","0","powerpack-lite-for-elementor","PowerPack Addons for Elementor (Free Widgets, Extensions and Templates)","IdeaBox Creations","80000","2026-05-26 2:02am GMT","48","96","361","0","0","false","","elementor","true","https://powerpackelements.com","https://wordpress.org/plugins/powerpack-lite-for-elementor/","reject_or_low_priority","unknown","unknown","unknown","unknown","unknown"
"807","0","fluent-crm","FluentCRM &#8211; Email Newsletter, Automation, Email Marketing, Email Campaigns, Optins, Leads, and CRM Solution","WPManageNinja","80000","2026-06-30 1:37pm GMT","12","96","248","7","7","false","","marketing","true","https://fluentcrm.com","https://wordpress.org/plugins/fluent-crm/","reject_or_low_priority","unknown","unknown","unknown","unknown","unknown"
"808","0","getgenie","GetGenie – AI Content Writer with Keyword Research &amp; SEO Tracking","Roxnor","80000","2026-06-16 11:26am GMT","26","96","118","0","0","false","","ai content; chatbot; elementor","true","https://getgenie.ai/","https://wordpress.org/plugins/getgenie/","reject_or_low_priority","unknown","unknown","unknown","unknown","unknown"
"809","0","order-import-export-for-woocommerce","Order Export &amp; Order Import for WooCommerce","WebToffee","60000","2026-07-13 6:31am GMT","0","94","336","3","3","false","order","","false","https://wordpress.org/plugins/order-import-export-for-woocommerce/","https://wordpress.org/plugins/order-import-export-for-woocommerce/","reject_or_low_priority","unknown","unknown","unknown","unknown","unknown"
"810","0","snapchat-for-woocommerce","Snapchat for WooCommerce","WooCommerce","60000","2026-05-14 10:49pm GMT","59","0","0","0","0","true","product feed","","false","","https://wordpress.org/plugins/snapchat-for-woocommerce/","reject_or_low_priority","unknown","unknown","unknown","unknown","unknown"
"811","0","woocommerce-analytics","WooCommerce Analytics","WooCommerce","20000","2026-05-25 2:15pm GMT","48","100","3","1","0","true","order","marketing; analytics","true","https://woocommerce.com","https://wordpress.org/plugins/woocommerce-analytics/","reject_or_low_priority","unknown","unknown","unknown","unknown","unknown"
"812","0","wt-woocommerce-related-products","Related Products &#8211; Create Upsells, Cross-sells, and Product Recommendations for WooCommerce","WebToffee","10000","2026-05-26 9:51am GMT","48","92","82","1","1","false","","","false","https://wordpress.org/plugins/wt-woocommerce-related-products/","https://wordpress.org/plugins/wt-woocommerce-related-products/","reject_or_low_priority","unknown","unknown","unknown","unknown","unknown"
"813","0","king-addons","King Addons for Elementor &#8211; 80+ Elementor Widgets, 4 000+ Elementor Templates, WooCommerce, Mega Menu, Popup Builder","KingAddons.com","10000","2026-07-09 4:25pm GMT","3","0","0","0","0","false","","elementor","false","","https://wordpress.org/plugins/king-addons/","reject_or_low_priority","unknown","unknown","unknown","unknown","unknown"
"814","0","payment-gateway-stripe-and-woocommerce-integration","Payment Gateway of Stripe for WooCommerce","ThemeHigh","8000","2026-06-17 5:19am GMT","26","88","65","4","2","true","checkout","payment; stripe","false","https://wordpress.org/plugins/payment-gateway-stripe-and-woocommerce-integration/","https://wordpress.org/plugins/payment-gateway-stripe-and-woocommerce-integration/","reject_or_low_priority","unknown","unknown","unknown","unknown","unknown"
"815","0","express-checkout-paypal-payment-gateway-for-woocommerce","Payment Gateway of PayPal for WooCommerce","ThemeHigh","7000","2026-07-06 11:51am GMT","6","84","79","1","0","true","checkout","payment; paypal","false","https://wordpress.org/plugins/express-checkout-paypal-payment-gateway-for-woocommerce/","https://wordpress.org/plugins/express-checkout-paypal-payment-gateway-for-woocommerce/","reject_or_low_priority","unknown","unknown","unknown","unknown","unknown"
"816","0","ht-easy-google-analytics","HT Easy GA4 &#8211; Google Analytics WordPress Plugin","HT Plugins","6000","2026-05-23 5:20am GMT","51","90","8","0","0","false","","analytics","false","","https://wordpress.org/plugins/ht-easy-google-analytics/","reject_or_low_priority","unknown","unknown","unknown","unknown","unknown"
"817","0","zettle-pos-integration","PayPal Zettle POS for WooCommerce","Zettle by PayPal","4000","2026-02-19 8:35am GMT","144","70","21","2","0","true","","payment; paypal","true","https://zettle.inpsyde.com/","https://wordpress.org/plugins/zettle-pos-integration/","reject_or_low_priority","unknown","unknown","unknown","unknown","unknown"
"818","0","woo-set-price-note","Set Price Note (Units, Offers, Editions) for WooCommerce","Shiva Shanker Bhatta","800","2026-06-04 3:44pm GMT","38","94","3","1","0","false","","marketing","true","https://github.com/shshanker/woo-set-price-note","https://wordpress.org/plugins/woo-set-price-note/","reject_or_low_priority","unknown","unknown","unknown","unknown","unknown"
"819","0","flexible-wishlist","Flexible Wishlist for WooCommerce &#8211; Ecommerce Wishlist &amp; Save for later","wpdesk","800","2026-06-21 2:21am GMT","22","88","5","0","0","true","","theme","false","","https://wordpress.org/plugins/flexible-wishlist/","reject_or_low_priority","unknown","unknown","unknown","unknown","unknown"
"820","0","freepay-for-woocommerce","FreePay for WooCommerce","freepaygateway","400","2026-06-08 8:28am GMT","35","100","3","0","0","true","","payment","false","http://wordpress.org/plugins/freepay-for-woocommerce/","https://wordpress.org/plugins/freepay-for-woocommerce/","reject_or_low_priority","unknown","unknown","unknown","unknown","unknown"
"821","0","topper-pack","Topper Pack","Themepul","400","2026-05-24 1:39pm GMT","49","0","0","0","0","false","","elementor","true","https://topperpack.com/","https://wordpress.org/plugins/topper-pack/","reject_or_low_priority","unknown","unknown","unknown","unknown","unknown"
"822","0","woocommerce-payment-gateway-ccbill","CCBill Payment Gateway for WooCommerce","CCBill","300","2026-06-25 11:20pm GMT","17","74","3","1","0","false","","payment","true","https://ccbill.com/doc/ccbill-woocommerce-module","https://wordpress.org/plugins/woocommerce-payment-gateway-ccbill/","reject_or_low_priority","unknown","unknown","unknown","unknown","unknown"
"823","0","th-store-one","Store One — All in One Conversion &amp; Sales Toolkit for WooCommerce","ThemeHunk","200","2026-07-13 1:05pm GMT","0","100","1","0","0","true","","theme","false","","https://wordpress.org/plugins/th-store-one/","reject_or_low_priority","unknown","unknown","unknown","unknown","unknown"
"824","0","bsd-woo-stripe-connect-split-pay","Split Pay – Stripe Connect Split Payments &amp; Multi-Vendor Marketplace for WooCommerce &amp; FluentCart","Brandon Ernst","100","2026-06-07 8:48am GMT","36","100","19","0","0","false","","payment; stripe","false","","https://wordpress.org/plugins/bsd-woo-stripe-connect-split-pay/","reject_or_low_priority","unknown","unknown","unknown","unknown","unknown"
"825","0","avecdo-for-woocommerce","avecdo for WooCommerce","avecdo","100","2026-06-04 6:12am GMT","39","100","2","0","0","false","","facebook","true","https://avecdo.com/","https://wordpress.org/plugins/avecdo-for-woocommerce/","reject_or_low_priority","unknown","unknown","unknown","unknown","unknown"
"826","0","yay-customer-reviews-woocommerce","YayReviews &#8211; Advanced Customer Reviews for WooCommerce","YayCommerce","90","2026-06-16 4:26pm GMT","26","100","4","1","1","false","","","false","https://wordpress.org/plugins/yay-customer-reviews-woocommerce/","https://wordpress.org/plugins/yay-customer-reviews-woocommerce/","reject_or_low_priority","unknown","unknown","unknown","unknown","unknown"
"827","0","printdoors-for-woocommerce","Printdoors Integration for WooCommerce","printdoors","80","2026-04-21 8:35am GMT","83","0","0","0","0","false","shipping","dropship","true","https://printdoors.com/helpcenter/3/84","https://wordpress.org/plugins/printdoors-for-woocommerce/","reject_or_low_priority","unknown","unknown","unknown","unknown","unknown"
"828","0","ebaylink","eBay Link","eBay Australia","80","2026-07-13 3:58am GMT","0","68","5","0","0","false","","","false","","https://wordpress.org/plugins/ebaylink/","reject_or_low_priority","unknown","unknown","unknown","unknown","unknown"
"829","0","floating-wishlist-for-woo","Floating Wishlist for WooCommerce","taras.sych","70","2023-04-11 12:59pm GMT","1188","100","3","0","0","false","","","false","https://wordpress.org/plugins/floating-wishlist-for-woo/","https://wordpress.org/plugins/floating-wishlist-for-woo/","reject_or_low_priority","unknown","unknown","unknown","unknown","unknown"
"830","0","remarkety-for-woocommerce","Remarkety &#8211; eCommerce Marketing Automation Platform for WooCommerce","remarkety","70","2025-07-16 11:56am GMT","361","20","4","0","0","false","","marketing","true","http://www.remarkety.com","https://wordpress.org/plugins/remarkety-for-woocommerce/","reject_or_low_priority","unknown","unknown","unknown","unknown","unknown"
"831","0","autocomplete-for-woo-orders","Autocomplete for WooCommerce Orders","hplugin","60","2026-06-02 3:46pm GMT","40","100","3","0","0","true","order","payment","false","","https://wordpress.org/plugins/autocomplete-for-woo-orders/","reject_or_low_priority","unknown","unknown","unknown","unknown","unknown"
"832","0","infobvandevliet-nl","SeerBit Payment Gateway plugin for WooCommerce","SeerBit","50","2026-03-25 1:36pm GMT","109","100","1","0","0","true","","payment","true","https://seerbit.com","https://wordpress.org/plugins/infobvandevliet-nl/","reject_or_low_priority","unknown","unknown","unknown","unknown","unknown"
"833","0","woo-layup-payment-gateway","LayUp payment gateway plugin for woocommerce","Cameron Morgan","50","2025-11-27 10:27am GMT","227","0","0","0","0","false","","payment","true","https://layup.co.za/how-it-works","https://wordpress.org/plugins/woo-layup-payment-gateway/","reject_or_low_priority","unknown","unknown","unknown","unknown","unknown"
"834","0","vulnity","Vulnity Security","manuelgalan","40","2026-06-05 9:08am GMT","38","0","0","0","0","false","","","false","","https://wordpress.org/plugins/vulnity/","reject_or_low_priority","unknown","unknown","unknown","unknown","unknown"
"835","0","woo-open-graph","Open Graph for WooCommerce","wbcomdesigns","30","2025-11-28 7:23am GMT","227","100","1","0","0","false","","facebook","true","https://wbcomdesigns.com/downloads/woo-open-graph/","https://wordpress.org/plugins/woo-open-graph/","reject_or_low_priority","unknown","unknown","unknown","unknown","unknown"
"836","0","woo-checkout-braspag","Pagador (Braspag) Checkout for WooCommerce","Mário Valney","10","2026-06-06 3:06am GMT","37","100","1","0","0","false","checkout","payment","true","https://github.com/Vizir/woo-checkout-braspag","https://wordpress.org/plugins/woo-checkout-braspag/","reject_or_low_priority","unknown","unknown","unknown","unknown","unknown"
"837","0","raif-payment","Raif payment","Raiffeisen Ru","10","2026-01-24 12:20pm GMT","169","0","0","0","0","false","checkout","payment","false","","https://wordpress.org/plugins/raif-payment/","reject_or_low_priority","unknown","unknown","unknown","unknown","unknown"
"838","0","one-click-migration","ClickPress Migration","gididreamvps","10","2026-05-26 7:19am GMT","48","0","0","0","0","false","","","false","","https://wordpress.org/plugins/one-click-migration/","reject_or_low_priority","unknown","unknown","unknown","unknown","unknown"
"839","0","full-trust","Full Trust","HikeOrders","0","2025-05-11 12:51pm GMT","427","0","0","0","0","false","","payment","true","https://hikeorders.com/trust/home/","https://wordpress.org/plugins/full-trust/","reject_or_low_priority","unknown","unknown","unknown","unknown","unknown"
"840","-1","elementor","Elementor Website Builder &#8211; more than just a page builder","Elementor","10000000","2026-06-21 1:20pm GMT","21","90","7277","51","38","false","","elementor","true","https://elementor.com/?utm_source=wp-plugins&utm_campaign=plugin-uri&utm_medium=wp-dash","https://wordpress.org/plugins/elementor/","reject_or_low_priority","unknown","unknown","unknown","unknown","unknown"
"841","-1","essential-addons-for-elementor-lite","Essential Addons for Elementor &#8211; Popular Elementor Templates &amp; Widgets","WPDeveloper","2000000","2026-07-09 12:55pm GMT","3","98","4088","15","14","false","","elementor","true","https://essential-addons.com/","https://wordpress.org/plugins/essential-addons-for-elementor-lite/","reject_or_low_priority","unknown","unknown","unknown","unknown","unknown"
"842","-1","elementskit-lite","ElementsKit Elementor Addons – Advanced Widgets &amp; Templates Addons for Elementor","Roxnor","1000000","2026-07-12 7:11am GMT","1","98","2023","15","12","false","","elementor","true","https://wpmet.com/plugin/elementskit/","https://wordpress.org/plugins/elementskit-lite/","reject_or_low_priority","unknown","unknown","unknown","unknown","unknown"
"843","-1","sg-ai-studio","AI Agent by SiteGround","SiteGround","1000000","2026-07-08 7:01am GMT","5","26","77","1","0","false","","chatbot","true","https://siteground.com","https://wordpress.org/plugins/sg-ai-studio/","reject_or_low_priority","unknown","unknown","unknown","unknown","unknown"
"844","-1","royal-elementor-addons","Royal Addons for Elementor – Addons and Templates Kit for Elementor","WP Royal","600000","2026-06-25 10:35am GMT","17","96","609","12","12","false","","elementor","true","https://royal-elementor-addons.com/","https://wordpress.org/plugins/royal-elementor-addons/","reject_or_low_priority","unknown","unknown","unknown","unknown","unknown"
"845","-1","mailpoet","MailPoet &#8211; Newsletters, Email Marketing, and Automation","MailPoet","500000","2026-07-07 11:37am GMT","5","88","1423","90","61","false","","marketing","true","https://www.mailpoet.com","https://wordpress.org/plugins/mailpoet/","reject_or_low_priority","unknown","unknown","unknown","unknown","unknown"
"846","-1","yith-woocommerce-wishlist","YITH WooCommerce Wishlist","YITHEMES","400000","2026-06-18 12:25pm GMT","24","78","262","3","0","true","","","true","https://yithemes.com/themes/plugins/yith-woocommerce-wishlist/","https://wordpress.org/plugins/yith-woocommerce-wishlist/","reject_or_low_priority","unknown","unknown","unknown","unknown","unknown"
"847","-1","ai-engine","AI Engine &#8211; The Chatbot, AI Framework &amp; MCP for WordPress","Jordy Meow","100000","2026-07-13 3:00am GMT","0","98","846","26","26","false","","chatbot","false","https://wordpress.org/plugins/ai-engine/","https://wordpress.org/plugins/ai-engine/","reject_or_low_priority","unknown","unknown","unknown","unknown","unknown"
"848","-1","woocommerce-square","WooCommerce Square","WooCommerce","80000","2026-06-24 6:38pm GMT","18","42","121","7","5","true","inventory","payment","true","https://woocommerce.com/products/square/","https://wordpress.org/plugins/woocommerce-square/","reject_or_low_priority","unknown","unknown","unknown","unknown","unknown"
"849","-1","yith-woocommerce-ajax-navigation","YITH WooCommerce Ajax Product Filter","YITHEMES","80000","2026-06-18 12:06pm GMT","24","70","98","3","0","true","","","false","https://wordpress.org/plugins/yith-woocommerce-ajax-navigation/","https://wordpress.org/plugins/yith-woocommerce-ajax-navigation/","reject_or_low_priority","unknown","unknown","unknown","unknown","unknown"
"850","-1","yith-woocommerce-catalog-mode","YITH WooCommerce Catalog Mode","YITHEMES","60000","2026-06-15 10:57am GMT","27","72","44","0","0","true","catalog","theme","true","https://yithemes.com/themes/plugins/yith-woocommerce-catalog-mode/","https://wordpress.org/plugins/yith-woocommerce-catalog-mode/","reject_or_low_priority","unknown","unknown","unknown","unknown","unknown"
"851","-1","woocommerce-gateway-paypal-powered-by-braintree","PayPal Enterprise Payments (formerly Braintree) for WooCommerce","WooCommerce","10000","2026-06-15 1:59pm GMT","27","52","50","3","2","true","","payment; paypal","true","https://docs.woocommerce.com/document/woocommerce-gateway-paypal-powered-by-braintree/","https://wordpress.org/plugins/woocommerce-gateway-paypal-powered-by-braintree/","reject_or_low_priority","unknown","unknown","unknown","unknown","unknown"
"852","-1","cost-of-goods-for-woocommerce","Cost of Goods: Product Cost &amp; Profit Calculator for WooCommerce","WPFactory","9000","2026-07-13 7:33pm GMT","0","94","41","1","1","true","","analytics","true","https://wpfactory.com/item/cost-of-goods-for-woocommerce/","https://wordpress.org/plugins/cost-of-goods-for-woocommerce/","reject_or_low_priority","unknown","unknown","unknown","unknown","unknown"
"853","-1","yith-woocommerce-affiliates","YITH WooCommerce Affiliates","YITHEMES","6000","2026-06-18 11:48am GMT","24","84","19","3","0","true","","marketing; affiliate","true","https://yithemes.com/themes/plugins/yith-woocommerce-affiliates/","https://wordpress.org/plugins/yith-woocommerce-affiliates/","reject_or_low_priority","unknown","unknown","unknown","unknown","unknown"
"854","-1","webtoffee-product-feed","WebToffee WooCommerce Product Feeds &#8211; Google Shopping, Pinterest, TikTok Ads, &amp; More","WebToffee","2000","2026-06-09 1:44pm GMT","33","96","27","3","3","false","catalog; product feed","facebook","false","https://wordpress.org/plugins/webtoffee-product-feed","https://wordpress.org/plugins/webtoffee-product-feed/","reject_or_low_priority","unknown","unknown","unknown","unknown","unknown"
"855","-1","wt-woocommerce-wishlist","Wishlist for WooCommerce","WebToffee","900","2026-05-19 6:07am GMT","55","94","6","1","1","true","","","false","https://wordpress.org/plugins/wt-woocommerce-wishlist/","https://wordpress.org/plugins/wt-woocommerce-wishlist/","reject_or_low_priority","unknown","unknown","unknown","unknown","unknown"
"856","-1","chatlab-ai-chatbot-for-your-website-gpt-powered-customer-sales-assistant","ChatLab &#8211; AI Chatbot for WordPress and WooCommerce","ChatLab.com","200","2026-06-17 11:23am GMT","25","0","0","0","0","false","","chatbot","false","","https://wordpress.org/plugins/chatlab-ai-chatbot-for-your-website-gpt-powered-customer-sales-assistant/","reject_or_low_priority","unknown","unknown","unknown","unknown","unknown"
"857","-1","wp2leads","WP2LEADS |  WordPress und KlickTipp einfach verbinden &#8211; WooCommerce und KlickTipp einfach verbinden","Saleswonder Team: Tobias","90","2026-04-14 5:09pm GMT","89","96","13","0","0","false","","marketing","true","https://wp2leads.com/","https://wordpress.org/plugins/wp2leads/","reject_or_low_priority","unknown","unknown","unknown","unknown","unknown"
"858","-1","funnelkit-payment-gateway-square-for-woocommerce","FunnelKit Payment Gateway for Square WooCommerce","FunnelKit","70","2026-06-14 1:33pm GMT","28","100","3","0","0","true","","payment","true","https://funnelkit.com/","https://wordpress.org/plugins/funnelkit-payment-gateway-square-for-woocommerce/","reject_or_low_priority","unknown","unknown","unknown","unknown","unknown"
"859","-1","cloudkassir-for-woocommerce","Cloudkassir for WooCommerce","CloudPayments","60","2026-02-09 4:03pm GMT","153","100","1","0","0","false","","payment","true","https://cloudkassir.ru/","https://wordpress.org/plugins/cloudkassir-for-woocommerce/","reject_or_low_priority","unknown","unknown","unknown","unknown","unknown"
"860","-1","avify","Avify","Alexis Valenciano","60","2026-06-26 6:32pm GMT","16","100","1","0","0","false","order; inventory; checkout","payment","false","","https://wordpress.org/plugins/avify/","reject_or_low_priority","unknown","unknown","unknown","unknown","unknown"
"861","-1","woo-payxpert-gateway","PayXpert for Woocommerce","PayXpert","40","2026-06-09 11:33am GMT","33","0","0","0","0","true","","payment","true","https://www.payxpert.com/","https://wordpress.org/plugins/woo-payxpert-gateway/","reject_or_low_priority","unknown","unknown","unknown","unknown","unknown"
"862","-1","trusty-woo-products-filter","Shop Products Filter","Trusty Plugins","30","2024-04-10 7:22am GMT","824","100","1","0","0","false","","elementor","false","","https://wordpress.org/plugins/trusty-woo-products-filter/","reject_or_low_priority","unknown","unknown","unknown","unknown","unknown"
"863","-1","nexhbp-himalayan-bank-payment-gateway","Nhooja Himalayan Bank Payment Gateway","Sachit Tandukar","30","2025-04-11 1:37pm GMT","457","0","0","0","0","false","","payment","false","","https://wordpress.org/plugins/nexhbp-himalayan-bank-payment-gateway/","reject_or_low_priority","unknown","unknown","unknown","unknown","unknown"
"864","-1","woo-hnb","Hatton National Bank Payment Gateway for WooCommerce","Ayesh Karunaratne","10","2025-10-04 2:45pm GMT","281","100","1","0","0","false","","payment","false","https://wordpress.org/plugins/woo-hnb","https://wordpress.org/plugins/woo-hnb/","reject_or_low_priority","unknown","unknown","unknown","unknown","unknown"
"865","-1","woo-binary-mlm","Binary MLM For WooCommerce","LETSCMS MLM Software","10","2025-12-13 1:11pm GMT","211","80","4","0","0","false","","marketing","false","","https://wordpress.org/plugins/woo-binary-mlm/","reject_or_low_priority","unknown","unknown","unknown","unknown","unknown"
"866","-1","ondc-woo-integration","ONDC Woo Integration","WisdmLabs","10","2024-12-09 2:14pm GMT","580","0","0","0","0","false","","","true","https://sellwise.co.in","https://wordpress.org/plugins/ondc-woo-integration/","reject_or_low_priority","unknown","unknown","unknown","unknown","unknown"
"867","-1","waffarad-affiliate","WaffarAD Affiliate Network","waffarx","10","2026-06-24 12:54pm GMT","18","0","0","0","0","false","order","payment; affiliate","false","https://wordpress.org/plugins/waffarad-affiliate/","https://wordpress.org/plugins/waffarad-affiliate/","reject_or_low_priority","unknown","unknown","unknown","unknown","unknown"
"868","-1","hugeprofit","HugeProfit: Inventory, Profit &amp; Finance – CRM for WooCommerce","hugeprofit","10","2026-06-25 12:50pm GMT","17","0","0","0","0","false","inventory","analytics","false","","https://wordpress.org/plugins/hugeprofit/","reject_or_low_priority","unknown","unknown","unknown","unknown","unknown"
"869","-1","commerscope","CommerScope &#8211; Behavioural Analytics for Woo","Upluggit","0","2026-06-10 6:06pm GMT","32","0","0","0","0","false","checkout","analytics","false","","https://wordpress.org/plugins/commerscope/","reject_or_low_priority","unknown","unknown","unknown","unknown","unknown"
"870","-1","trill-ai-chat-lite","Trill AI Product Chat for WooCommerce","trillai","0","2026-06-21 11:53am GMT","21","0","0","0","0","false","order","chatbot","false","","https://wordpress.org/plugins/trill-ai-chat-lite/","reject_or_low_priority","unknown","unknown","unknown","unknown","unknown"
"871","-2","woocommerce","WooCommerce","Automattic","7000000","2026-07-07 2:16pm GMT","5","90","4808","225","196","false","","","true","https://woocommerce.com/","https://wordpress.org/plugins/woocommerce/","reject_or_low_priority","unknown","unknown","unknown","unknown","unknown"
"872","-2","jetpack","Jetpack &#8211; WP Security, Backup, Speed, &amp; Growth","Automattic","3000000","2026-07-07 1:54pm GMT","5","76","2402","59","51","false","","","true","https://jetpack.com","https://wordpress.org/plugins/jetpack/","reject_or_low_priority","unknown","unknown","unknown","unknown","unknown"
"873","-2","header-footer-elementor","Ultimate Addons for Elementor","Brainstorm Force","2000000","2026-07-07 8:00am GMT","6","98","2524","10","10","false","","elementor","false","https://wordpress.org/plugins/header-footer-elementor/","https://wordpress.org/plugins/header-footer-elementor/","reject_or_low_priority","unknown","unknown","unknown","unknown","unknown"
"874","-2","woocommerce-services","WooCommerce Tax (formerly WooCommerce Shipping &amp; Tax)","WooCommerce","600000","2026-07-06 4:59pm GMT","6","40","105","2","2","true","shipping","payment","true","https://woocommerce.com/","https://wordpress.org/plugins/woocommerce-services/","reject_or_low_priority","unknown","unknown","unknown","unknown","unknown"
"875","-2","facebook-for-woocommerce","Meta for WooCommerce","Facebook","400000","2026-06-25 1:08pm GMT","17","44","476","18","11","true","catalog","facebook","true","https://github.com/woocommerce/facebook-for-woocommerce/","https://wordpress.org/plugins/facebook-for-woocommerce/","reject_or_low_priority","unknown","unknown","unknown","unknown","unknown"
"876","-2","pinterest-for-woocommerce","Pinterest for WooCommerce","WooCommerce","300000","2026-06-01 12:16pm GMT","41","46","68","6","6","true","catalog","marketing","true","https://woocommerce.com/products/pinterest-for-woocommerce/","https://wordpress.org/plugins/pinterest-for-woocommerce/","reject_or_low_priority","unknown","unknown","unknown","unknown","unknown"
"877","-2","product-import-export-for-woo","Product Import Export for WooCommerce &#8211; Import Export Product CSV Suite","WebToffee","80000","2026-06-22 5:33am GMT","21","92","413","1","1","false","","","false","https://wordpress.org/plugins/product-import-export-for-woo/","https://wordpress.org/plugins/product-import-export-for-woo/","reject_or_low_priority","unknown","unknown","unknown","unknown","unknown"
"878","-2","checkout-fees-for-woocommerce","Payment Gateway Based Fees and Discounts for WooCommerce","tychesoftwares","30000","2026-07-07 11:31am GMT","5","94","57","4","0","true","","payment","true","https://www.tychesoftwares.com/store/premium-plugins/payment-gateway-based-fees-and-discounts-for-woocommerce-plugin/","https://wordpress.org/plugins/checkout-fees-for-woocommerce/","reject_or_low_priority","unknown","unknown","unknown","unknown","unknown"
"879","-2","stripe-tax-for-woocommerce","Stripe Tax &#8211; Sales tax automation for WooCommerce","Stripe Tax","30000","2026-07-06 2:16pm GMT","6","20","3","2","0","true","order; shipping","stripe","false","","https://wordpress.org/plugins/stripe-tax-for-woocommerce/","reject_or_low_priority","unknown","unknown","unknown","unknown","unknown"
"880","-2","mesomb-for-woocommerce","MeSomb for WooCommerce","Hachther LLC","90","2026-06-04 11:58am GMT","38","100","2","0","0","false","","payment","true","https://business.mesomb.com","https://wordpress.org/plugins/mesomb-for-woocommerce/","reject_or_low_priority","unknown","unknown","unknown","unknown","unknown"
"881","-2","duitku-pop-payment-gateway","Duitku Pop Payment Gateway","rayhanduitku","90","2026-03-02 7:43am GMT","133","100","1","0","0","false","","payment","false","","https://wordpress.org/plugins/duitku-pop-payment-gateway/","reject_or_low_priority","unknown","unknown","unknown","unknown","unknown"
"882","-2","integrazo-form-connectors","Integrazo Automator – Send Form &amp; WooCommerce Data to CRM &amp; Marketing Tools","Plugcrux","80","2026-07-06 2:34am GMT","7","100","1","0","0","false","","marketing","true","https://integrazo.com/products/integrazo-form-connectors","https://wordpress.org/plugins/integrazo-form-connectors/","reject_or_low_priority","unknown","unknown","unknown","unknown","unknown"
"883","-2","msg91-for-woocommerce","Msg91 for WooCommerce","MSG91","70","2026-06-26 12:27pm GMT","16","0","0","0","0","true","","facebook; chatbot","false","","https://wordpress.org/plugins/msg91-for-woocommerce/","reject_or_low_priority","unknown","unknown","unknown","unknown","unknown"
"884","-2","altapay-for-woocommerce","AltaPay for WooCommerce","altapay_integrations","70","2026-06-04 1:24pm GMT","38","0","0","0","0","false","","payment","true","https://documentation.altapay.com/Content/Plugins/Plugins.htm","https://wordpress.org/plugins/altapay-for-woocommerce/","reject_or_low_priority","unknown","unknown","unknown","unknown","unknown"
"885","-2","azampay","AzamPay Gateway for WooCommerce","AzamPay Tanzania Limited","60","2026-06-04 3:34pm GMT","38","0","0","0","0","false","","payment","true","https://github.com/AZAMPAY-LTD/AzamPayWooCommercePlugin","https://wordpress.org/plugins/azampay/","reject_or_low_priority","unknown","unknown","unknown","unknown","unknown"
"886","-2","catchtheweb-barclay-epdq-payment-gateway","**RapidDive** BARCLAY ePDQ Payment Gateway","Vinay Shah","50","2022-04-11 4:01pm GMT","1553","100","2","0","0","false","","payment","true","https://rapiddive.com/barclaycard-epdq-payment-gateway.html","https://wordpress.org/plugins/catchtheweb-barclay-epdq-payment-gateway/","reject_or_low_priority","unknown","unknown","unknown","unknown","unknown"
"887","-2","pay-advantage","Pay Advantage","Pay Advantage","20","2026-04-20 11:01pm GMT","83","60","2","0","0","false","","payment","true","https://www.payadvantage.com.au/","https://wordpress.org/plugins/pay-advantage/","reject_or_low_priority","unknown","unknown","unknown","unknown","unknown"
"888","-2","pluscodes-product-csv-import-export-for-woocommerce","Product Import Export for WooCommerce — CSV Tool by PlusCodes","plusCodes","20","2026-07-09 5:36am GMT","4","100","2","0","0","true","","affiliate","false","","https://wordpress.org/plugins/pluscodes-product-csv-import-export-for-woocommerce/","reject_or_low_priority","unknown","unknown","unknown","unknown","unknown"
"889","-2","charty-custom-smart-analytics","Advanced Woocommerce Reporting and Insights &#8211; Smart Product Sales Reporting","UPTIXA","20","2026-01-28 9:33pm GMT","165","100","1","0","0","false","","analytics","false","","https://wordpress.org/plugins/charty-custom-smart-analytics/","reject_or_low_priority","unknown","unknown","unknown","unknown","unknown"
"890","-2","atoa-pay","Atoa Pay for WooCommerce","Atoa Pay","10","2026-07-09 6:10am GMT","4","0","0","0","0","false","","payment","true","https://atoa.me/","https://wordpress.org/plugins/atoa-pay/","reject_or_low_priority","unknown","unknown","unknown","unknown","unknown"
"891","-2","katapult","Katapult","Katapult Integration","10","2026-07-13 3:57pm GMT","0","0","0","0","0","false","","payment","true","https://docs.katapult.com/docs/woocommerce","https://wordpress.org/plugins/katapult/","reject_or_low_priority","unknown","unknown","unknown","unknown","unknown"
"892","-2","tienda-crypto-woo","TiendaCrypto para WooCommerce","TiendaCrypto","10","2022-11-15 7:49pm GMT","1335","80","3","0","0","false","","payment; crypto","true","https://tiendacrypto.com/","https://wordpress.org/plugins/tienda-crypto-woo/","reject_or_low_priority","unknown","unknown","unknown","unknown","unknown"
"893","-2","eacsimplegtm","{eac}Doojigger Simple GTM Extension for WordPress","Kevin Burkholder","0","2026-06-07 11:36pm GMT","35","0","0","0","0","false","","analytics","true","https://eacdoojigger.earthasylum.com/eacsimplegtm/","https://wordpress.org/plugins/eacsimplegtm/","reject_or_low_priority","unknown","unknown","unknown","unknown","unknown"
"894","-2","rexpay-payment-gateway","RexPay Payment Gateway","globalaccelerex","0","2023-03-16 1:32pm GMT","1214","100","1","0","0","false","","payment","true","https://www.myrexpay.com/","https://wordpress.org/plugins/rexpay-payment-gateway/","reject_or_low_priority","unknown","unknown","unknown","unknown","unknown"
"895","-3","woocommerce-gateway-stripe","WooCommerce Stripe Payment Gateway","WooCommerce","700000","2026-06-22 5:36pm GMT","20","62","234","61","52","true","checkout","payment; stripe","false","https://wordpress.org/plugins/woocommerce-gateway-stripe/","https://wordpress.org/plugins/woocommerce-gateway-stripe/","reject_or_low_priority","unknown","unknown","unknown","unknown","unknown"
"896","-3","woocommerce-payfast-gateway","WooCommerce Payfast Gateway","WooCommerce","30000","2026-06-29 7:31am GMT","14","60","7","1","1","true","","payment","true","https://woocommerce.com/products/payfast-payment-gateway/","https://wordpress.org/plugins/woocommerce-payfast-gateway/","reject_or_low_priority","unknown","unknown","unknown","unknown","unknown"
"897","-3","woo-yuansfer","Pockyt &#8211; Accept Alternative Payments","Yuansfer","20","2022-11-09 2:44pm GMT","1341","100","2","0","0","false","","payment","false","https://wordpress.org/plugins/woo-yuansfer/","https://wordpress.org/plugins/woo-yuansfer/","reject_or_low_priority","unknown","unknown","unknown","unknown","unknown"
"898","-3","pixelflow","PixelFlow","pixelflow","10","2026-06-26 5:43am GMT","17","100","1","0","0","false","","facebook","false","","https://wordpress.org/plugins/pixelflow/","reject_or_low_priority","unknown","unknown","unknown","unknown","unknown"
"899","-4","woocommerce-payments","WooPayments: Integrated WooCommerce Payments","WooCommerce","900000","2026-06-24 10:21am GMT","18","66","160","10","10","true","","payment","true","https://woocommerce.com/payments/","https://wordpress.org/plugins/woocommerce-payments/","reject_or_low_priority","unknown","unknown","unknown","unknown","unknown"
"900","-4","woocommerce-paypal-payments","WooCommerce PayPal Payments","WooCommerce","800000","2026-07-07 1:53pm GMT","5","56","567","69","47","true","","payment; paypal","true","https://woocommerce.com/products/woocommerce-paypal-payments/","https://wordpress.org/plugins/woocommerce-paypal-payments/","reject_or_low_priority","unknown","unknown","unknown","unknown","unknown"
"901","-4","woocommerce-google-analytics-integration","Google Analytics for WooCommerce","WooCommerce","100000","2026-06-25 9:42am GMT","18","56","119","2","1","true","","analytics","false","https://wordpress.org/plugins/woocommerce-google-analytics-integration/","https://wordpress.org/plugins/woocommerce-google-analytics-integration/","reject_or_low_priority","unknown","unknown","unknown","unknown","unknown"
"902","-4","vtables","Data table plugin: Spreadsheets | Google Sheets | WooCommerce product tables","vTables | convert CSV spreadsheet, Google Sheets, WooCommerce products into powerful tables.","20","2026-06-18 9:34am GMT","25","100","1","0","0","false","","","false","","https://wordpress.org/plugins/vtables/","reject_or_low_priority","unknown","unknown","unknown","unknown","unknown"
"903","-4","ai-eshop-optimizer","AI eShop Optimizer","Oxford Metadata Ltd","10","2026-07-13 11:46am GMT","0","100","2","0","0","false","fulfil","analytics","true","https://rooster.systems/get-aieo/","https://wordpress.org/plugins/ai-eshop-optimizer/","reject_or_low_priority","unknown","unknown","unknown","unknown","unknown"
